-- phpMyAdmin SQL Dump
-- version 4.9.7
-- https://www.phpmyadmin.net/
--
-- Host: localhost:3306
-- Generation Time: Oct 30, 2022 at 10:17 PM
-- Server version: 5.7.39-cll-lve
-- PHP Version: 7.3.32

SET SQL_MODE = "NO_AUTO_VALUE_ON_ZERO";
SET AUTOCOMMIT = 0;
START TRANSACTION;
SET time_zone = "+00:00";


/*!40101 SET @OLD_CHARACTER_SET_CLIENT=@@CHARACTER_SET_CLIENT */;
/*!40101 SET @OLD_CHARACTER_SET_RESULTS=@@CHARACTER_SET_RESULTS */;
/*!40101 SET @OLD_COLLATION_CONNECTION=@@COLLATION_CONNECTION */;
/*!40101 SET NAMES utf8mb4 */;

--
-- Database: `fuyioct30`
--

-- --------------------------------------------------------

--
-- Table structure for table `track_202290_animals`
--

CREATE TABLE `track_202290_animals` (
  `id` int(13) NOT NULL,
  `user_id` int(13) NOT NULL,
  `name` varchar(64) NOT NULL,
  `type` varchar(64) NOT NULL,
  `breed` varchar(64) NOT NULL,
  `description` text NOT NULL,
  `img` varchar(256) NOT NULL,
  `date_create` datetime NOT NULL
) ENGINE=MyISAM DEFAULT CHARSET=latin1;

--
-- Dumping data for table `track_202290_animals`
--

INSERT INTO `track_202290_animals` (`id`, `user_id`, `name`, `type`, `breed`, `description`, `img`, `date_create`) VALUES
(1, 6, 'Mathilda', 'horse', 'brown', 'Hojasje tizoh ogaij da habmuw fe telpe me aza zimnol ekmuhvik jezo nago bipfali nul efahi.', 'https://via.placeholder.com/476x570/8AA/fff/?text=Mathilda', '2021-01-16 11:04:36'),
(2, 9, 'Adrian', 'dog', 'pitbull', 'Genuzih gijcot hivegsag tazmuh hafilcot jepmo pipow majuh pikjoha tout kazufek ijvowboh kabenho gukoswo bawbo guki.', 'https://via.placeholder.com/473x508/4BA/fff/?text=Adrian', '2020-12-14 20:55:00'),
(3, 2, 'Nancy', 'dog', 'pug', 'Buzfifol rensu na jeminad vi neupuag rizarra ucutubed raobabuj nembev removpo osmu wu ukacet.', 'https://via.placeholder.com/568x590/8AA/fff/?text=Nancy', '2022-07-15 17:52:21'),
(4, 9, 'Florence', 'dog', 'pug', 'Ikigad koglucnil kezi wopenoro bodehij wudob oj dovu ture venwa uno rukuvwuc lelco dapde erehi agoveme tedah gepupuf.', 'https://via.placeholder.com/500x451/635/fff/?text=Florence', '2022-08-23 09:42:38'),
(5, 4, 'Amanda', 'dog', 'pitbull', 'Sefav gactosu bej juduoj limvekkim arahon sopzocza jolgeb genifval ize vatvepvak adwe uhamu uv zukhaw to ehpew heg.', 'https://via.placeholder.com/421x377/B43/fff/?text=Amanda', '2021-01-06 15:50:18'),
(6, 1, 'Sara', 'cat', 'fat', 'Gud ki ledolom var dilbazwi riadzan umpiv das fit zijugsa pagsulmi ruune bum hus cir celi.', 'https://via.placeholder.com/524x502/7A7/fff/?text=Sara', '2021-05-24 02:59:50'),
(7, 3, 'Claudia', 'horse', 'unicorn', 'Ojnu tinoja aw zopeveka si sa fobota pimif fakzak mapizem zukaw ujgiwca felog.', 'https://via.placeholder.com/480x533/373/fff/?text=Claudia', '2022-07-31 22:33:00'),
(8, 9, 'Marion', 'dog', 'poodle', 'Hoj jad if rolubaja marifaf vum zen pag so vubep weglicu hom usgavjav juhe ufbofone ewpoj lu.', 'https://via.placeholder.com/510x480/AA4/fff/?text=Marion', '2020-08-31 01:07:38'),
(9, 8, 'Lizzie', 'horse', 'black', 'Da sazop pir wevvob raw zam ka fezer geodam jiennub evluduj vug ujko hasiw poppiwmo.', 'https://via.placeholder.com/375x440/833/fff/?text=Lizzie', '2021-03-08 23:02:04'),
(10, 3, 'Johnny', 'horse', 'brown', 'Hanlel nib hibiiwi nitujek capokiwu gopza sij wos hosici ru ku emuwu kov nu.', 'https://via.placeholder.com/490x548/466/fff/?text=Johnny', '2022-10-18 05:30:34'),
(11, 9, 'Sallie', 'dog', 'pitbull', 'Bip laovsud jeribmer uvesuku ivcip ve pa ca afijabiv jotiis javku ola kejodu falviehe.', 'https://via.placeholder.com/431x485/7A9/fff/?text=Sallie', '2022-03-08 16:30:13'),
(12, 5, 'Kathryn', 'cat', 'siamese', 'Lof beviuj fuc fis lestanoj lekzu kem fejtub jiwwe vokdokzo meslam didowmi uhsuw.', 'https://via.placeholder.com/538x541/B65/fff/?text=Kathryn', '2020-10-09 09:45:01'),
(13, 1, 'Bessie', 'horse', 'unicorn', 'Jefcavak reijro wohal tulimsil lubag puc secpetnu fola zifojig an jijlog sa felma dis idti ibhoj ud ab.', 'https://via.placeholder.com/543x352/346/fff/?text=Bessie', '2022-04-15 10:22:23'),
(14, 4, 'Fanny', 'dog', 'poodle', 'Uzsa nijotunuk cadifku tigwimu umtu vezkolpo wad su melor jarsiami rigmim zincupli buwnut.', 'https://via.placeholder.com/365x450/349/fff/?text=Fanny', '2021-06-13 05:07:02'),
(15, 3, 'Luke', 'cat', 'calico', 'Hu nabaw jihnuvij zac higauca dosnol uziadeiwo ke iporocse isnatha ogvace po.', 'https://via.placeholder.com/492x402/868/fff/?text=Luke', '2020-09-30 00:41:48'),
(16, 8, 'Minnie', 'cat', 'fat', 'Be leilooje toscuwbej kad so leva luf ebujuzav vuc lemzu delejse pabjapmu hiak.', 'https://via.placeholder.com/440x354/8AB/fff/?text=Minnie', '2021-11-09 03:16:43'),
(17, 5, 'Mattie', 'cat', 'fat', 'Fihvechof be ac ruku maor vosizha nuj kiuju lim secu lapfaw huefiwu jarisvom fikmesob.', 'https://via.placeholder.com/435x481/668/fff/?text=Mattie', '2022-02-08 20:20:46'),
(18, 2, 'Hettie', 'horse', 'black', 'Ci rupownew igfapu feate aw funaninej wulaz rovpib buzma dijiafo gomup dowba ubeki ko letom labbopun ugkifed.', 'https://via.placeholder.com/445x556/B93/fff/?text=Hettie', '2021-07-15 14:29:37'),
(19, 3, 'Mae', 'cat', 'calico', 'Miw ikne ba va mubfilpib mikzerwe gikgule lera nalur imenoputa gimipuni ahazir.', 'https://via.placeholder.com/486x483/895/fff/?text=Mae', '2022-03-30 04:17:59'),
(20, 2, 'Walter', 'cat', 'stray', 'Relasil acofuho wi kom set fozeif veufwu pekzej ta lom fafo muepfej lilnodwu mitsu.', 'https://via.placeholder.com/420x419/996/fff/?text=Walter', '2021-01-20 06:39:46'),
(21, 3, 'Hester', 'dog', 'pug', 'Udapuav ewimo tafol fatadafe ciloska huwilzu sawnep tapjoptiz mo huorolo atu wovzefnul og duhel jif rewa ranik.', 'https://via.placeholder.com/421x480/333/fff/?text=Hester', '2022-09-23 21:27:54'),
(22, 4, 'Kate', 'dog', 'poodle', 'Nekpo hul huofoco setne laetboc pisut vu tod buedoci taw gi litaki.', 'https://via.placeholder.com/375x440/A4B/fff/?text=Kate', '2021-05-01 20:39:10'),
(23, 7, 'Zachary', 'cat', 'fat', 'Arja tud ziec awuwes ro omimelvop penut sitoli jukhah gimedva owuton nupebilu.', 'https://via.placeholder.com/391x524/38A/fff/?text=Zachary', '2020-04-30 17:13:11'),
(24, 10, 'Loretta', 'cat', 'siamese', 'Ububopses cipca ses buz opijowto nujout fivuof og ipulol joha nizcaru uhofa voah ese vac ti.', 'https://via.placeholder.com/403x558/733/fff/?text=Loretta', '2020-06-09 14:57:07'),
(25, 10, 'Beulah', 'dog', 'poodle', 'Hozomeze eminase kaboda jubogifuz vom to vawafces muw oguhaihu zusi ibizefot zoegu ub bubuv woras ca.', 'https://via.placeholder.com/512x591/334/fff/?text=Beulah', '2020-06-13 01:06:24'),
(26, 10, 'Alice', 'cat', 'ginger', 'Lif mijgu hus zazcirja cek ra afuogi bez fim cukmamre noje roc rodfizob tik tis.', 'https://via.placeholder.com/474x507/B59/fff/?text=Alice', '2022-03-09 02:05:34'),
(27, 6, 'Nina', 'horse', 'black', 'Tiltu bowihwid bugebuwu likmicoh jorik hacova vud de satevaz tosvac iggo mailo lesokavev kitvo won biwak folowned.', 'https://via.placeholder.com/498x434/4B7/fff/?text=Nina', '2020-02-15 19:07:16'),
(28, 2, 'Susan', 'dog', 'pug', 'Nof bewo lulcab evelaw okufim fa semfeajo wa vahvuf ca ore rabej rizujva afusekja.', 'https://via.placeholder.com/586x527/5A9/fff/?text=Susan', '2022-03-18 18:42:26'),
(29, 6, 'Adrian', 'horse', 'unicorn', 'Fatpumeh edewe ru mikze fokiksi itnad ig gojmum cuzide ewi wiva niada.', 'https://via.placeholder.com/538x568/4A4/fff/?text=Adrian', '2021-03-27 10:38:17'),
(30, 7, 'Edwin', 'cat', 'calico', 'Wouhhaj uzomodo hor jubovwig fuwgu puehpot job pelovva it las cocpokis urkalri douto dorpop.', 'https://via.placeholder.com/585x500/746/fff/?text=Edwin', '2022-02-10 18:10:04'),
(31, 2, 'Douglas', 'horse', 'black', 'Tiglopo esibolo beceoli webup kevhova wurojro agu liwzu nu wiido lalo ihetil gip sezeji alaceti aw.', 'https://via.placeholder.com/385x401/A47/fff/?text=Douglas', '2022-08-15 01:43:28'),
(32, 2, 'Wayne', 'horse', 'black', 'Dujiw fa pikesa mul ev dida codabfez me toz egu voegew eli.', 'https://via.placeholder.com/383x557/6B7/fff/?text=Wayne', '2021-06-13 12:19:33'),
(33, 5, 'Etta', 'horse', 'brown', 'Ton testacda hija keg totpabez raz femej lufig gir jagmu cekawu ade.', 'https://via.placeholder.com/573x565/794/fff/?text=Etta', '2021-09-20 12:09:02'),
(34, 10, 'Max', 'horse', 'brown', 'Nodoh agnozun gemno badpewjos bosde kif foizi ovivid si rowfo bucufu iko melvusmev gec he lidohu.', 'https://via.placeholder.com/450x413/638/fff/?text=Max', '2020-05-19 19:31:38'),
(35, 1, 'Bertie', 'cat', 'ginger', 'Zoemmi ma vuhalde umera bafwe le pemum hem uwriwmez we ozuci depmupon rajip law bos bimar.', 'https://via.placeholder.com/399x370/B95/fff/?text=Bertie', '2021-02-06 08:26:22'),
(36, 4, 'Betty', 'cat', 'siamese', 'Nibuduj muakuro sobjolhak kilur valdaf ure gibkat ogweba peud puf pa mof waileec haoripa otpi roca.', 'https://via.placeholder.com/350x403/873/fff/?text=Betty', '2021-11-21 01:46:55'),
(37, 2, 'Danny', 'horse', 'brown', 'Wohlic vazzu vemwej zuzzi ges rufjov veha kam isci hecrusta vasaj kebowsoz haru gu irused maehu.', 'https://via.placeholder.com/448x374/938/fff/?text=Danny', '2020-04-10 11:25:17'),
(38, 3, 'Alexander', 'dog', 'pitbull', 'Oko baizucu kiduif rilida iveca udgismij kusaapi ni juose ok fok efaozuw zampeves acaih joge wimaluj le mib.', 'https://via.placeholder.com/462x425/A53/fff/?text=Alexander', '2021-05-12 09:25:01'),
(39, 9, 'Juan', 'cat', 'fat', 'Bakevfab zivavwuk ja itokuj ofcarofi ifa mumpi zukbokak natudfej ma luogucus pijgiv te mu pi fopje jovzip kubmuzeb.', 'https://via.placeholder.com/357x454/57A/fff/?text=Juan', '2020-09-10 04:26:38'),
(40, 3, 'Elsie', 'dog', 'pitbull', 'Ac ohoun sishelem fijo lengupaja fofcemhi tapu barakidul wes ecu icitiwadi mun eva ah duer rezmik obesal.', 'https://via.placeholder.com/593x515/757/fff/?text=Elsie', '2020-01-20 22:18:07'),
(41, 4, 'Vera', 'horse', 'brown', 'Ri agadide zu mu villu fuobo moejwi ubsodiw dapathif efoet barsa laz bovaz bu rujtudel.', 'https://via.placeholder.com/397x518/386/fff/?text=Vera', '2021-05-18 22:22:34'),
(42, 6, 'Evan', 'dog', 'poodle', 'Doep kopurne vom fa wu rub zebokgoh cavogko woc hip bihokifig hiv namizutof gewbif.', 'https://via.placeholder.com/359x409/73A/fff/?text=Evan', '2020-04-03 16:24:54'),
(43, 3, 'Jeremy', 'horse', 'black', 'Cefmorula bu sukcehnol nudcafgid lonecruh maplituk rinujhi labudeg vessihbu aku leacah fidaz fihriz javaba.', 'https://via.placeholder.com/567x458/A36/fff/?text=Jeremy', '2020-07-15 15:41:03'),
(44, 1, 'Bertie', 'cat', 'calico', 'Detirzit hobfil bez gawgilule kotalca podji ru fuzwib peze elhiddu kes top huj.', 'https://via.placeholder.com/540x442/79A/fff/?text=Bertie', '2021-08-06 02:31:37'),
(45, 4, 'Josie', 'horse', 'brown', 'Anuha fipraiw junec didifoh dalbatdu hengaco ap wovpimman nip runnako fosedci ocjifa muttire.', 'https://via.placeholder.com/355x372/BA5/fff/?text=Josie', '2022-01-21 14:34:50'),
(46, 3, 'Jorge', 'dog', 'poodle', 'Covaf zerzoh rurjo fitsuva pu siumgej demaena mo lemedni veseg epuki zuuca bes ku de.', 'https://via.placeholder.com/488x422/759/fff/?text=Jorge', '2022-02-22 02:26:44'),
(47, 9, 'May', 'horse', 'brown', 'Ozogav jos fohi huc howotiad faw gipic lura zougide bisaac luz em ra.', 'https://via.placeholder.com/458x447/97B/fff/?text=May', '2021-01-23 05:02:05'),
(48, 1, 'Rena', 'dog', 'poodle', 'Kejpaziz mesipu wis inu cogdel ighe nuidica igi mul kebtaner domor jahbar widez him onesi mi fu upzais.', 'https://via.placeholder.com/540x475/538/fff/?text=Rena', '2022-06-28 14:20:39'),
(49, 10, 'Herman', 'cat', 'ginger', 'Bonfonhed ku jetenu hompipced aga su sov zatbam igemezul lonmaza uropozal buwajuji nikipa bu favuncu.', 'https://via.placeholder.com/572x487/4B8/fff/?text=Herman', '2020-08-27 09:04:15'),
(50, 2, 'Louisa', 'horse', 'brown', 'Lul orvawe ra fesehe jeci ze okeg ivezeg wirkaf ofieduku lesbe besmegki siwcu.', 'https://via.placeholder.com/529x574/489/fff/?text=Louisa', '2021-11-08 13:36:21');

-- --------------------------------------------------------

--
-- Table structure for table `track_202290_locations`
--

CREATE TABLE `track_202290_locations` (
  `id` int(13) NOT NULL,
  `animal_id` int(13) NOT NULL,
  `lat` decimal(8,6) NOT NULL,
  `lng` decimal(9,6) NOT NULL,
  `description` text NOT NULL,
  `photo` varchar(256) NOT NULL,
  `icon` varchar(256) NOT NULL,
  `date_create` datetime NOT NULL
) ENGINE=MyISAM DEFAULT CHARSET=latin1;

--
-- Dumping data for table `track_202290_locations`
--

INSERT INTO `track_202290_locations` (`id`, `animal_id`, `lat`, `lng`, `description`, `photo`, `icon`, `date_create`) VALUES
(1, 14, 37.720690, -122.428940, 'Dobsuw geimejun givgaf jipuab rerwaw huheri kugtawak zudhusga gam hojakot foanieb of.', 'https://via.placeholder.com/547x567/6B3/fff/?text=PHOTO', 'https://via.placeholder.com/548x523/47A/fff/?text=ICON', '2022-08-24 18:46:49'),
(2, 24, 37.731820, -122.437910, 'Gugsakjaw casluc ge korfeltow olaon obazajwub pum ekebidib mu efu oc ikez rivobcud din jemu na.', 'https://via.placeholder.com/595x500/748/fff/?text=PHOTO', 'https://via.placeholder.com/506x537/BA8/fff/?text=ICON', '2021-11-13 03:25:27'),
(3, 22, 37.744590, -122.377250, 'Ma jicisuko uzzup seokeki upta gi mavho poafu hajegufo esagogap jep zukzigi.', 'https://via.placeholder.com/363x565/387/fff/?text=PHOTO', 'https://via.placeholder.com/539x489/5A6/fff/?text=ICON', '2021-11-28 17:25:17'),
(4, 29, 37.772320, -122.461500, 'Rinuredo ozuwela murjo pevvawat tesu poer pa tumvelo kewnu upufoim kub uzewa.', 'https://via.placeholder.com/484x525/557/fff/?text=PHOTO', 'https://via.placeholder.com/350x370/B44/fff/?text=ICON', '2020-01-13 21:31:44'),
(5, 16, 37.787050, -122.430660, 'Voluwhak ge hol puun pesurizu wufziw zacaza kejuap kicu pig sucil fe bevod.', 'https://via.placeholder.com/446x400/787/fff/?text=PHOTO', 'https://via.placeholder.com/538x453/895/fff/?text=ICON', '2021-07-05 14:56:22'),
(6, 46, 37.672360, -122.441640, 'Ohlosaf ke watani lu vowojawo fekejuis so zav nowissuc mafo kuruje kipulev ja ocipiti hirvifac he jor wupka.', 'https://via.placeholder.com/378x503/397/fff/?text=PHOTO', 'https://via.placeholder.com/556x400/B76/fff/?text=ICON', '2021-10-06 13:54:43'),
(7, 18, 37.798790, -122.445650, 'Moc tiit coanout asotibik pezado zoiw comrowes hitfobe otu zuz aseehe sizto.', 'https://via.placeholder.com/506x523/76B/fff/?text=PHOTO', 'https://via.placeholder.com/596x497/663/fff/?text=ICON', '2022-09-10 10:28:16'),
(8, 48, 37.788670, -122.412110, 'Won kegmi hebe om fimtuda tatpal imna ru lifru bo wifpan sapca dotmav le.', 'https://via.placeholder.com/355x426/984/fff/?text=PHOTO', 'https://via.placeholder.com/421x552/986/fff/?text=ICON', '2021-09-03 12:43:11'),
(9, 38, 37.745620, -122.442540, 'Bi numohos mupija roupeuk rid nojpu haka bi irafezih rojedkir foaliaw eh akluw zeb.', 'https://via.placeholder.com/506x593/648/fff/?text=PHOTO', 'https://via.placeholder.com/400x531/347/fff/?text=ICON', '2020-03-01 18:59:01'),
(10, 49, 37.699460, -122.490190, 'Ru biz ido mad okco ilu rebip macef ta vuwih tov cozujboz sehfinoke bu hu oghi cemwinab.', 'https://via.placeholder.com/528x414/794/fff/?text=PHOTO', 'https://via.placeholder.com/489x499/BA8/fff/?text=ICON', '2021-08-01 21:01:30'),
(11, 24, 37.796860, -122.408230, 'La oc tanrib ne hane adiaze erkukmum gebdap utkevme divbasuz ro givlid fa duzodgi getwuki be.', 'https://via.placeholder.com/471x488/4A4/fff/?text=PHOTO', 'https://via.placeholder.com/449x396/64A/fff/?text=ICON', '2021-06-03 20:12:59'),
(12, 8, 37.753910, -122.495670, 'Esaid erdaugu dokamato ewuihup sopom nocmetev bobu deaci moh ne kur fomi jisbozmim bapi fodre hoasiuho.', 'https://via.placeholder.com/461x503/934/fff/?text=PHOTO', 'https://via.placeholder.com/442x495/446/fff/?text=ICON', '2022-05-27 07:55:35'),
(13, 10, 37.770390, -122.377460, 'Firho nut samug wewte bulsir veskodzoh atzeh omaweta jis nok ketivatu ivalud zepujcol lof.', 'https://via.placeholder.com/487x586/455/fff/?text=PHOTO', 'https://via.placeholder.com/528x442/869/fff/?text=ICON', '2022-07-16 02:39:45'),
(14, 13, 37.685190, -122.383700, 'Juduz lumevi temkos goiwaeco aczunud das ocifadcu bahriwfe ra ajdeh zawecle zumfu.', 'https://via.placeholder.com/382x513/A48/fff/?text=PHOTO', 'https://via.placeholder.com/499x507/5A7/fff/?text=ICON', '2021-06-02 03:27:23'),
(15, 30, 37.736930, -122.438340, 'Ahu lusa fodju irofocid dosici riw dukcuknu oh vozgop vi ofaja awfumoj.', 'https://via.placeholder.com/438x384/596/fff/?text=PHOTO', 'https://via.placeholder.com/353x396/656/fff/?text=ICON', '2022-04-12 03:05:37'),
(16, 6, 37.726180, -122.420380, 'Vuwohwuk jibijbem gatjut moc lavzudid borbeso dado tadhizer kosufu ilaadu obowomsij vukpupgo uc.', 'https://via.placeholder.com/528x410/85B/fff/?text=PHOTO', 'https://via.placeholder.com/548x451/473/fff/?text=ICON', '2020-11-26 06:12:42'),
(17, 8, 37.696100, -122.449780, 'Dieli begepfa ic wigepcu mawetri jiwefavo zir wehle ag vi mejcowhe pos.', 'https://via.placeholder.com/415x368/A55/fff/?text=PHOTO', 'https://via.placeholder.com/434x427/B99/fff/?text=ICON', '2021-06-23 16:00:28'),
(18, 40, 37.725000, -122.376030, 'Gocba fa duporowo bufeto umovaluv jauha teka mospop dec eslilaj wuw aviizovi azuho bi ozeegeesi vujijoce ca bidubap.', 'https://via.placeholder.com/600x456/A39/fff/?text=PHOTO', 'https://via.placeholder.com/495x450/4A6/fff/?text=ICON', '2021-11-21 00:53:16'),
(19, 39, 37.773630, -122.490450, 'Waigo be wamuv kama titjod idu ud vodwob umgofu keles wazkegsuh jomew vivwuthuf siksu daugejo cemanooka uci.', 'https://via.placeholder.com/586x400/35B/fff/?text=PHOTO', 'https://via.placeholder.com/559x411/348/fff/?text=ICON', '2021-12-28 20:36:12'),
(20, 20, 37.790760, -122.462990, 'Meiheren sizsipmo ipanis fuloforu volukfi bapiha efoeron ivitu eb asilesod kegvaose etvim tib hutogi jatep zutozlar bihaki.', 'https://via.placeholder.com/386x411/46B/fff/?text=PHOTO', 'https://via.placeholder.com/405x582/A8B/fff/?text=ICON', '2021-10-31 15:36:43'),
(21, 46, 37.788080, -122.387360, 'Cace ru lu udhufzaz ec ora cid hoker udo rube soj kiwused.', 'https://via.placeholder.com/553x586/999/fff/?text=PHOTO', 'https://via.placeholder.com/519x359/587/fff/?text=ICON', '2021-06-15 12:39:27'),
(22, 14, 37.703030, -122.375040, 'Pamuwmak fujcimdaj bejbiz dawic tosfav gujfo ji livibgi mi haguru ev norco.', 'https://via.placeholder.com/446x426/B93/fff/?text=PHOTO', 'https://via.placeholder.com/530x417/3A8/fff/?text=ICON', '2022-10-21 18:39:38'),
(23, 17, 37.699430, -122.373430, 'Ope voler tigod varodsul ba be zo begcuhmam hesuflir cu van devli jeb posfa kuza.', 'https://via.placeholder.com/395x461/46A/fff/?text=PHOTO', 'https://via.placeholder.com/544x538/8A3/fff/?text=ICON', '2021-07-10 21:36:14'),
(24, 29, 37.755270, -122.424330, 'Vanje hice imunuji bu fowjanej letaglul suluw umziwo zirdite cez de fijal ze gocco uthuvcof talkidfi ubpefek duhnaowi.', 'https://via.placeholder.com/573x560/664/fff/?text=PHOTO', 'https://via.placeholder.com/417x570/36A/fff/?text=ICON', '2020-01-25 11:00:37'),
(25, 48, 37.707510, -122.451870, 'Ajo hafopa bizvusedi otuwehnod lof uvgeknab gu ce curviafo balbamhoc bizi tobnelof efabap divun fejo butmuari wegujcol fajvilet.', 'https://via.placeholder.com/560x473/483/fff/?text=PHOTO', 'https://via.placeholder.com/376x562/A77/fff/?text=ICON', '2021-07-01 20:56:55'),
(26, 42, 37.751890, -122.479640, 'Bi sevlos te fi alzadag larfaij va gov zuz dam remebud zojej bij.', 'https://via.placeholder.com/526x517/885/fff/?text=PHOTO', 'https://via.placeholder.com/440x559/3A6/fff/?text=ICON', '2020-10-03 08:22:42'),
(27, 23, 37.733420, -122.499500, 'Iragutsu lab muzwuzav jefob haz fuzeni raalgo mofne wocuscuz ebe ozino tupiz cal zojja natteig vor votiw.', 'https://via.placeholder.com/412x582/A97/fff/?text=PHOTO', 'https://via.placeholder.com/485x494/676/fff/?text=ICON', '2021-01-26 18:47:18'),
(28, 11, 37.746720, -122.396920, 'Laiz hu da idi uwu vatji rejo oha bucepa jadbonog omoobwu awoawhi rirhelwat.', 'https://via.placeholder.com/574x476/4A7/fff/?text=PHOTO', 'https://via.placeholder.com/376x446/B5B/fff/?text=ICON', '2022-02-13 13:46:12'),
(29, 36, 37.782970, -122.482680, 'Mushahuz ivab vofze siuloog pow acilis zokojpe wale sal bumtenwu ke wo uf hug jid kamul.', 'https://via.placeholder.com/530x425/A68/fff/?text=PHOTO', 'https://via.placeholder.com/417x380/689/fff/?text=ICON', '2021-01-04 20:21:33'),
(30, 47, 37.742430, -122.423930, 'Kolmigef jimomiek iglavto idazubes te wepez wesmogvob cejlober nepudmuv geanivi ukuhugec up medgus ena wufgikji ebmihotu gori vukaz.', 'https://via.placeholder.com/582x581/754/fff/?text=PHOTO', 'https://via.placeholder.com/565x592/573/fff/?text=ICON', '2022-04-10 05:29:38'),
(31, 47, 37.683280, -122.371280, 'Iminarrov eco mica awsi luggollog zun pilbob dahec tu vibgied guhji odafispuf.', 'https://via.placeholder.com/421x442/A83/fff/?text=PHOTO', 'https://via.placeholder.com/539x500/836/fff/?text=ICON', '2022-08-11 15:10:11'),
(32, 6, 37.797990, -122.423260, 'Buwnekba oseme an gohpi afi ahapiure fulo ohe warial ferkisrov vogo egi orahoh guci ri dotipha zebzo akowijvaz.', 'https://via.placeholder.com/480x549/3A4/fff/?text=PHOTO', 'https://via.placeholder.com/490x487/758/fff/?text=ICON', '2022-04-16 16:39:18'),
(33, 20, 37.712740, -122.376460, 'Figrapso nuki jipu be hesfup zakmar egoviz maf giruze winwuzaj vipup pomusohu cuciwku kame cibwiv.', 'https://via.placeholder.com/515x478/345/fff/?text=PHOTO', 'https://via.placeholder.com/438x464/493/fff/?text=ICON', '2021-10-11 12:24:19'),
(34, 46, 37.732850, -122.499770, 'Ralij ogmu cucfidtib hi zer wucgevig buki lu tac ev ivi oguoj fi cetpufman fuc.', 'https://via.placeholder.com/398x434/6A9/fff/?text=PHOTO', 'https://via.placeholder.com/487x577/955/fff/?text=ICON', '2020-04-12 12:03:02'),
(35, 2, 37.688290, -122.428320, 'Rovsid ola nabnojore men ci gujet daofe faskotrin zendu zuwuwati retu aj.', 'https://via.placeholder.com/568x558/439/fff/?text=PHOTO', 'https://via.placeholder.com/411x570/936/fff/?text=ICON', '2020-09-19 16:04:03'),
(36, 26, 37.691410, -122.443680, 'Pemaz lud do zoseb nakekjot om jis zoppuriv kure ufzikek emuudejuh sogece akeosa hoslujed.', 'https://via.placeholder.com/351x428/434/fff/?text=PHOTO', 'https://via.placeholder.com/385x515/A73/fff/?text=ICON', '2020-08-28 02:16:01'),
(37, 38, 37.700040, -122.385280, 'Tet heojomel awhagti jutfiz pafajuk ido book bozazeate cesvuti dajur led ungansij gowarufo mar rocowo.', 'https://via.placeholder.com/484x509/6AA/fff/?text=PHOTO', 'https://via.placeholder.com/486x423/576/fff/?text=ICON', '2022-01-02 08:45:37'),
(38, 41, 37.768150, -122.499670, 'Facnebu gene go gofog adoviz jo vag hun irisefo josgo jon zitwafre log miprad sigjaba huzvub.', 'https://via.placeholder.com/419x471/68B/fff/?text=PHOTO', 'https://via.placeholder.com/575x548/9A7/fff/?text=ICON', '2020-01-06 06:44:04'),
(39, 27, 37.767670, -122.390010, 'We nolbifgip zilabi nebidgem gewrumad wejes maclev toodo paaf ij begcobi vi jab tug falepwid julow pehkopat be.', 'https://via.placeholder.com/563x567/B6A/fff/?text=PHOTO', 'https://via.placeholder.com/457x386/445/fff/?text=ICON', '2020-05-14 10:35:20'),
(40, 37, 37.756420, -122.416520, 'Jetji ogumur wuruwen ujwo ah vu piw cememku wig li caso des fel re gupnecne ebokubge zaf wuguh.', 'https://via.placeholder.com/436x572/493/fff/?text=PHOTO', 'https://via.placeholder.com/440x462/A57/fff/?text=ICON', '2021-01-15 03:20:22'),
(41, 46, 37.744830, -122.372060, 'Omuhi ac im puva sazat ufiabwa ve uctobol vefejikif ohlucenu epaew raciza.', 'https://via.placeholder.com/536x529/B6B/fff/?text=PHOTO', 'https://via.placeholder.com/472x458/5B9/fff/?text=ICON', '2020-01-27 21:15:00'),
(42, 29, 37.709220, -122.412100, 'Ve limlojli zuzed ojo mitada hejlunjam vacupaze hikjow legse rog su zafjuroce vezo wohnoz vol ruhbejam mof bejwogavi.', 'https://via.placeholder.com/391x533/58B/fff/?text=PHOTO', 'https://via.placeholder.com/597x579/563/fff/?text=ICON', '2021-11-09 07:22:16'),
(43, 48, 37.782270, -122.397530, 'Ov illuw puk ownuj ru sullov nucage lu gaped joci veciif tutbo eb heha hohej avi ovizada vumig.', 'https://via.placeholder.com/563x527/37B/fff/?text=PHOTO', 'https://via.placeholder.com/410x596/466/fff/?text=ICON', '2020-12-29 07:49:02'),
(44, 30, 37.767330, -122.408740, 'Muj walef lagni ot jeej habav kimu utecokeh je jidoc tem befpegol jovrovra asipgo bo.', 'https://via.placeholder.com/476x447/BA4/fff/?text=PHOTO', 'https://via.placeholder.com/576x581/85B/fff/?text=ICON', '2021-03-04 07:12:56'),
(45, 30, 37.758970, -122.495170, 'Imbor ubziob fip ku kamu vi dob nucowupem hitwebu wergodju juvobzi liomokuv ezuhuw.', 'https://via.placeholder.com/401x402/B86/fff/?text=PHOTO', 'https://via.placeholder.com/539x591/934/fff/?text=ICON', '2022-10-19 13:02:27'),
(46, 4, 37.798340, -122.458190, 'Ivikobof offo dizomzak ewe fulimhuz ednuka zar wok cim jegbiga refpu elzun.', 'https://via.placeholder.com/449x477/699/fff/?text=PHOTO', 'https://via.placeholder.com/576x586/479/fff/?text=ICON', '2020-10-11 21:44:59'),
(47, 33, 37.705910, -122.445060, 'Fo zajas nauvare ijke cezhuane maletob pa awnusi nod pajolzij tu an il muc tuukode gi ore nana.', 'https://via.placeholder.com/436x456/999/fff/?text=PHOTO', 'https://via.placeholder.com/457x387/A46/fff/?text=ICON', '2020-11-26 01:35:40'),
(48, 38, 37.688810, -122.370400, 'Ra goko fihutav ju do miv kujaw aroimu lubpok ler ufouj iniwabli iso ok uwli aga.', 'https://via.placeholder.com/489x388/8B6/fff/?text=PHOTO', 'https://via.placeholder.com/500x396/5AB/fff/?text=ICON', '2021-05-03 15:21:53'),
(49, 13, 37.713780, -122.447440, 'Heofoav resmap nacpuj oma cogul lom jevirolo da kopen obe tit zu mukur nijuf mebor virwawo busapifo idoortu.', 'https://via.placeholder.com/600x500/37B/fff/?text=PHOTO', 'https://via.placeholder.com/495x460/788/fff/?text=ICON', '2020-10-29 21:39:56'),
(50, 46, 37.696550, -122.393960, 'Gi muncelu wewi cavijej amoceta turzir saw fekus ot kuniwi idomi ajki voiv nob ahu febneifa bopvojsab.', 'https://via.placeholder.com/557x474/489/fff/?text=PHOTO', 'https://via.placeholder.com/351x357/A86/fff/?text=ICON', '2021-09-18 10:16:23'),
(51, 42, 37.754660, -122.427390, 'Rofedul ek lifij cahcuvji du nol va wezo demenfor wowocmuw otazaw vindeefa nehwag.', 'https://via.placeholder.com/399x524/587/fff/?text=PHOTO', 'https://via.placeholder.com/594x544/987/fff/?text=ICON', '2022-08-31 21:13:33'),
(52, 43, 37.774760, -122.419130, 'Lez mivtebal cokokpe woot useron tir osi jecbude how jude ij kihegpi caj lometu sosu kahi ca.', 'https://via.placeholder.com/444x352/785/fff/?text=PHOTO', 'https://via.placeholder.com/419x353/776/fff/?text=ICON', '2022-10-17 06:08:55'),
(53, 16, 37.791830, -122.385850, 'Notbep le woptolof pallumu kepwe kinimof hous ef wafpe pozgata dumuzdu ahcuig.', 'https://via.placeholder.com/533x397/965/fff/?text=PHOTO', 'https://via.placeholder.com/423x477/799/fff/?text=ICON', '2022-04-06 14:34:37'),
(54, 41, 37.741780, -122.481960, 'Zalri ekisoc padog coufro mis ijarov mubule lahuej egi geupedu vihegigu mezfakcu.', 'https://via.placeholder.com/572x354/3A7/fff/?text=PHOTO', 'https://via.placeholder.com/384x405/95A/fff/?text=ICON', '2022-06-20 04:18:30'),
(55, 28, 37.784980, -122.380680, 'Hu otdore ra adelupi vodedo gaj sikivip timazdo bip dikderi peowova biwcob zegjub ulufe jautzaw tilop azofdi.', 'https://via.placeholder.com/389x451/99A/fff/?text=PHOTO', 'https://via.placeholder.com/451x469/573/fff/?text=ICON', '2022-10-27 10:01:59'),
(56, 21, 37.671320, -122.444820, 'Ti jejafzo libe eza vofsitol tewvaf we re gum dova cotawapo hariz ji heh ig fovid se.', 'https://via.placeholder.com/560x439/799/fff/?text=PHOTO', 'https://via.placeholder.com/544x584/A98/fff/?text=ICON', '2022-07-22 01:34:13'),
(57, 45, 37.742240, -122.492510, 'Pogjigfo levfomdus civwagvi hi irpekac risnutus damagi dap no cofwagwe apbom wi ka tuwagah hovuw sazrov.', 'https://via.placeholder.com/381x559/456/fff/?text=PHOTO', 'https://via.placeholder.com/498x546/B69/fff/?text=ICON', '2020-12-30 04:03:02'),
(58, 14, 37.715150, -122.413970, 'Rorikvo poveh reta tofzagjo jido ozu idunufos gizorhi kus zu ulirij ibicodpi iravesep jegi juewki.', 'https://via.placeholder.com/502x378/4B4/fff/?text=PHOTO', 'https://via.placeholder.com/507x453/BAA/fff/?text=ICON', '2022-05-06 20:07:53'),
(59, 38, 37.777710, -122.472230, 'Mut irotodwe obidig fajlerek asararvo fe reco raha rek hakadjer gopibasul jez goda tohofofat okafijrez sunzop lu lafu.', 'https://via.placeholder.com/499x362/364/fff/?text=PHOTO', 'https://via.placeholder.com/531x561/368/fff/?text=ICON', '2020-07-27 03:49:09'),
(60, 20, 37.764300, -122.410010, 'Hib jab bivekkec demju gofe ojgufin an lokam acdowe sesuwe tidi ah lacif jalfi bounuw comiknow belikov.', 'https://via.placeholder.com/542x562/538/fff/?text=PHOTO', 'https://via.placeholder.com/556x528/548/fff/?text=ICON', '2020-01-13 13:03:15'),
(61, 4, 37.782550, -122.497340, 'Wirudva ubihowu wof jo suba mojma ic saupo liwul ji jibusa waci.', 'https://via.placeholder.com/521x593/BBA/fff/?text=PHOTO', 'https://via.placeholder.com/409x493/587/fff/?text=ICON', '2022-02-09 05:52:58'),
(62, 32, 37.749620, -122.471080, 'Kaz uwu avu di ni fuc wuk dueca ligcefgif sa foofba ja isi.', 'https://via.placeholder.com/370x536/55A/fff/?text=PHOTO', 'https://via.placeholder.com/434x585/483/fff/?text=ICON', '2020-02-28 15:26:47'),
(63, 44, 37.785340, -122.386610, 'Von no sazzovi zefuuw bebka kacde hiksoes kakape ikehu lefpe agi pucim walad sid.', 'https://via.placeholder.com/352x357/AB7/fff/?text=PHOTO', 'https://via.placeholder.com/547x535/953/fff/?text=ICON', '2020-05-31 13:47:11'),
(64, 5, 37.722470, -122.458120, 'Sahhih uca oja winuvzil efajo pewun nuf pa suh jikad dubosmo ifobik ik sem.', 'https://via.placeholder.com/528x455/6AB/fff/?text=PHOTO', 'https://via.placeholder.com/468x485/A86/fff/?text=ICON', '2022-03-29 12:36:51'),
(65, 15, 37.768690, -122.427720, 'Zohajbej pachaj bitdasa tuke dut vobsib gufaka duwom zi ituoso lucpomhil ozwak epalotav sauz wiv vu saivfi.', 'https://via.placeholder.com/497x400/8A4/fff/?text=PHOTO', 'https://via.placeholder.com/465x504/3A5/fff/?text=ICON', '2021-12-05 19:13:46'),
(66, 33, 37.698120, -122.388660, 'Durtodan tuhkab cub dihuh hahwon reib fowobzu udaufukas bafin soelu ufu mo.', 'https://via.placeholder.com/579x582/B99/fff/?text=PHOTO', 'https://via.placeholder.com/563x600/737/fff/?text=ICON', '2022-07-08 05:16:11'),
(67, 16, 37.732770, -122.381880, 'Ra su ikogomi fedcizad fad iw simwe nenulal mim el fob bihaze ufeoji ova bu fuwacoh.', 'https://via.placeholder.com/442x389/A7A/fff/?text=PHOTO', 'https://via.placeholder.com/416x459/7B8/fff/?text=ICON', '2021-04-09 18:21:10'),
(68, 2, 37.781570, -122.414590, 'Jazpo uggoz bibtah hunuwvuh sieca icema koida fec gitpedbek igerujada teldusto wohkiz jiredni golajowo uhi vafuvdut saemiboh nozdi.', 'https://via.placeholder.com/360x423/996/fff/?text=PHOTO', 'https://via.placeholder.com/384x463/B63/fff/?text=ICON', '2021-05-27 22:23:59'),
(69, 37, 37.718190, -122.446570, 'Mepe vunabfu deh go oratuin noj omopi mansumfa peaz hu bag wiwete mumiv hanpum zukbone monla.', 'https://via.placeholder.com/588x480/BA7/fff/?text=PHOTO', 'https://via.placeholder.com/518x488/34A/fff/?text=ICON', '2020-10-04 01:32:51'),
(70, 17, 37.752770, -122.437710, 'Ororet womimvo lucefogam wep hekib gawoupa nitsihko dujotad rak nalcu jeuz wim gohawvon nihal fewkepbik.', 'https://via.placeholder.com/529x550/9A9/fff/?text=PHOTO', 'https://via.placeholder.com/371x429/863/fff/?text=ICON', '2022-04-19 00:48:19'),
(71, 41, 37.786470, -122.426610, 'Dahiwjo ihugolbat sudwelzuz kacvo hefjes imo dasipmu goga tugwo red jogjur mag nalo zezum lececnel mirouzo pod rollug.', 'https://via.placeholder.com/447x550/443/fff/?text=PHOTO', 'https://via.placeholder.com/371x445/459/fff/?text=ICON', '2020-06-05 00:03:15'),
(72, 46, 37.671270, -122.406730, 'Jalem nup hejmu coraco uhuidzo cudfi dajuij guli ibekag ezirodvo jik umlotdo bihjap lipbaviwa rinvun nep jighap.', 'https://via.placeholder.com/573x586/B38/fff/?text=PHOTO', 'https://via.placeholder.com/490x528/475/fff/?text=ICON', '2021-10-16 22:55:25'),
(73, 28, 37.755050, -122.419060, 'Mekaw van suj nawen ci dahuz mij ifu rivalja dup vejig zajfub bakemtib fih il isasapjo cih lurani.', 'https://via.placeholder.com/390x355/847/fff/?text=PHOTO', 'https://via.placeholder.com/457x387/685/fff/?text=ICON', '2022-09-27 05:55:35'),
(74, 48, 37.718420, -122.385830, 'Wej ta orami zogfakce kur kucizi ricza nu vuduwavu ra ezudas odo leretful paus puluka da.', 'https://via.placeholder.com/559x535/396/fff/?text=PHOTO', 'https://via.placeholder.com/499x548/8A4/fff/?text=ICON', '2020-09-30 11:48:55'),
(75, 21, 37.708420, -122.483370, 'Piwif vahjagzi baot zalo cakav bu panjafopo wavajole aporu jerhi ra he opu zu igufe wivgicjen isle ba.', 'https://via.placeholder.com/473x548/645/fff/?text=PHOTO', 'https://via.placeholder.com/461x573/A93/fff/?text=ICON', '2022-06-18 13:19:10'),
(76, 6, 37.707330, -122.494280, 'Li ilbi oru emtopif mad tubkes inu dearce ce goluf tib hij jeano lokekud ocu lapibav fivdedu.', 'https://via.placeholder.com/560x563/74B/fff/?text=PHOTO', 'https://via.placeholder.com/391x381/3B5/fff/?text=ICON', '2021-11-20 23:40:09'),
(77, 46, 37.789350, -122.396730, 'Buecu ci gaw zasu awofa fawjufbon ine vedco iga wulid vapegne azukuelo zokuneda kuncok kawlabeg.', 'https://via.placeholder.com/542x578/A79/fff/?text=PHOTO', 'https://via.placeholder.com/373x516/59B/fff/?text=ICON', '2021-03-08 15:39:31'),
(78, 19, 37.772110, -122.381330, 'Cowo ok roeh meuza na sejemi ehwote pah mec wus hucjez ino dujsugzek du fe azogo osa du.', 'https://via.placeholder.com/414x399/965/fff/?text=PHOTO', 'https://via.placeholder.com/509x438/434/fff/?text=ICON', '2022-09-20 02:38:19'),
(79, 49, 37.730380, -122.445500, 'Renurbe ref bu mafo elogewam ah urgi rivfevag duho be wuhhop pufwovip cucake ri vahilfa.', 'https://via.placeholder.com/499x424/496/fff/?text=PHOTO', 'https://via.placeholder.com/545x551/9B9/fff/?text=ICON', '2021-03-12 22:19:08'),
(80, 22, 37.740740, -122.476520, 'Icdeg ejocirgon fufazfo rupav we wibazu urejo wow daop ajaabebi igguv ul ad avehe.', 'https://via.placeholder.com/546x425/384/fff/?text=PHOTO', 'https://via.placeholder.com/447x540/BB5/fff/?text=ICON', '2020-02-27 10:26:26'),
(81, 31, 37.755240, -122.370820, 'Jugiuke herwufe vob lo cifbifvi ebpef oji siko wona nusnawof cimodhu bipko ned reufarip nim fejgik gerfeb.', 'https://via.placeholder.com/568x392/A4A/fff/?text=PHOTO', 'https://via.placeholder.com/450x360/843/fff/?text=ICON', '2020-02-21 14:57:22'),
(82, 49, 37.727540, -122.444000, 'Izebobif wirliv vij wic zoluz asoukvuk tuk lizizuto uwa ci en tefekob cawwemdi pidlel.', 'https://via.placeholder.com/404x398/875/fff/?text=PHOTO', 'https://via.placeholder.com/446x486/8B7/fff/?text=ICON', '2022-08-18 18:23:10'),
(83, 20, 37.760400, -122.428730, 'Ziloco gu ladtivto pizbevwu ko zu sooj sa cupuud fa edukuptar du.', 'https://via.placeholder.com/539x355/884/fff/?text=PHOTO', 'https://via.placeholder.com/512x424/645/fff/?text=ICON', '2020-11-04 17:38:43'),
(84, 46, 37.695810, -122.445910, 'Iv dacem painda vebpal zeh obovid joivsof visenet ulugo ub lo negag zevev.', 'https://via.placeholder.com/463x485/449/fff/?text=PHOTO', 'https://via.placeholder.com/527x554/B48/fff/?text=ICON', '2020-10-29 03:35:30'),
(85, 18, 37.732330, -122.398750, 'Ekofom damadej pewopa uf amaza afudoc how amubiwjo lej vu zumsa om oje piw fi wib olajodgih dobwivod.', 'https://via.placeholder.com/485x381/445/fff/?text=PHOTO', 'https://via.placeholder.com/445x518/B9B/fff/?text=ICON', '2021-06-25 07:33:30'),
(86, 2, 37.768460, -122.467840, 'Voduz ziteew gez ik da ze apitah leos ses vagun curvoja epzafta izeziloh moc bokaw faz ze tanuczuv.', 'https://via.placeholder.com/576x434/735/fff/?text=PHOTO', 'https://via.placeholder.com/470x475/8B5/fff/?text=ICON', '2021-07-31 07:13:13'),
(87, 41, 37.768910, -122.407060, 'Vismot cavucole pu inihaeh mato zajpivo horon kandi ami fug fu pofeh ki.', 'https://via.placeholder.com/517x582/439/fff/?text=PHOTO', 'https://via.placeholder.com/507x550/438/fff/?text=ICON', '2020-12-14 10:33:51'),
(88, 42, 37.785140, -122.474900, 'Modiel nodic juifa beclov huivani ejima bol cakfigseh sogezi cabu imaaje vivotigi sizub jacik ca kubozif ecve gaedifir.', 'https://via.placeholder.com/421x594/84A/fff/?text=PHOTO', 'https://via.placeholder.com/484x473/9A9/fff/?text=ICON', '2022-03-14 09:32:05'),
(89, 24, 37.780700, -122.417540, 'Ecinod ip use iwuti mu veafawe owucuwhi suomvuk viifar lop zuk evanirel gundu neh le.', 'https://via.placeholder.com/383x395/B46/fff/?text=PHOTO', 'https://via.placeholder.com/529x436/4B8/fff/?text=ICON', '2022-08-29 09:27:22'),
(90, 2, 37.707590, -122.463690, 'Atzuwse itri tohobjo kez jetezo eslo edu ma epteaze ziwrowa ma giref fu hicceswub leruh pujakemu dufuf defuve.', 'https://via.placeholder.com/416x572/69A/fff/?text=PHOTO', 'https://via.placeholder.com/505x514/567/fff/?text=ICON', '2022-10-28 13:07:33'),
(91, 49, 37.725950, -122.454920, 'Uhuka boware we geptuv igoteeri coso uco iwwuhron izuwiuj habadusi zoluv jod hiwzew.', 'https://via.placeholder.com/547x415/AAB/fff/?text=PHOTO', 'https://via.placeholder.com/420x556/43A/fff/?text=ICON', '2020-09-11 07:47:37'),
(92, 4, 37.774720, -122.435660, 'Kuv sozuz mullos lubob cecfo voiradu zadoh fetu fegrime ci galepi vak cu olounguw teiw otu.', 'https://via.placeholder.com/564x528/684/fff/?text=PHOTO', 'https://via.placeholder.com/424x439/555/fff/?text=ICON', '2022-09-05 14:22:01'),
(93, 45, 37.751650, -122.372630, 'Elof loabian daantir nuehomi waczo faegi cunsot ratezdef ir fus imedi ad kidpu ritrob ophotcen necaime uz tisavli.', 'https://via.placeholder.com/354x393/4A8/fff/?text=PHOTO', 'https://via.placeholder.com/402x580/94A/fff/?text=ICON', '2022-04-30 02:34:33'),
(94, 4, 37.790380, -122.460270, 'Kapahioko lu diz ipdoshi eh ru ore inkabnof po rirevinu duatu nulmobma motob ah rem azenehbew poknas.', 'https://via.placeholder.com/387x563/455/fff/?text=PHOTO', 'https://via.placeholder.com/479x564/993/fff/?text=ICON', '2020-02-08 12:46:07'),
(95, 8, 37.711420, -122.410000, 'Di kicazemo begwuame ratowaig mokroz lumpim as fa wufezamok pa vudijhu caribnat of pomfa zak me.', 'https://via.placeholder.com/364x523/889/fff/?text=PHOTO', 'https://via.placeholder.com/410x504/6A4/fff/?text=ICON', '2022-07-23 00:49:34'),
(96, 42, 37.701950, -122.485460, 'Guhlavbaj wezmul otaranke go gocpepfav dopusel buf zos ozaguw ujli datuv le ujoaga.', 'https://via.placeholder.com/514x595/9A3/fff/?text=PHOTO', 'https://via.placeholder.com/422x597/367/fff/?text=ICON', '2022-10-29 12:22:53'),
(97, 38, 37.749960, -122.436390, 'Bufar tof be sucahali limlipi azrebwul tob hed epcuc zopli ow pumda uh pawit ciftuceb akalu.', 'https://via.placeholder.com/545x461/BB4/fff/?text=PHOTO', 'https://via.placeholder.com/548x448/B96/fff/?text=ICON', '2021-12-19 23:10:44'),
(98, 19, 37.730580, -122.412350, 'Vuamve wun ucji gif le aw odocahaw vadwig susawa toknu kez bunuc li nimkejag pibboec kohul.', 'https://via.placeholder.com/376x599/853/fff/?text=PHOTO', 'https://via.placeholder.com/548x376/679/fff/?text=ICON', '2020-11-30 09:59:19'),
(99, 9, 37.789320, -122.416710, 'Wumpiblet femgi ek lonrade sotaac du re cizla hu redikar devhusvah zetbe ip leh ohu bof.', 'https://via.placeholder.com/589x526/B8A/fff/?text=PHOTO', 'https://via.placeholder.com/523x575/936/fff/?text=ICON', '2020-06-15 14:59:11'),
(100, 21, 37.698390, -122.374470, 'Ruldaoli dannokabe ece cidgawbor ahvehen na pulwes joso sopmus wafgiwfon irpibhoz utsubbun vuvdaj za.', 'https://via.placeholder.com/430x423/343/fff/?text=PHOTO', 'https://via.placeholder.com/482x362/884/fff/?text=ICON', '2021-02-07 14:28:28'),
(101, 7, 37.727000, -122.434240, 'Fomjum pubcote ive gadloza sab diz sov ku razul hesinhib be zawe evwip.', 'https://via.placeholder.com/392x369/6B9/fff/?text=PHOTO', 'https://via.placeholder.com/494x588/858/fff/?text=ICON', '2021-04-20 07:29:47'),
(102, 21, 37.748740, -122.423730, 'Tuzfivat vawune usi lileb ta culod uto arohi kaoca nies putizjuz emle bukce obirod so deramefo jezpu ikuwuchet.', 'https://via.placeholder.com/419x493/353/fff/?text=PHOTO', 'https://via.placeholder.com/441x534/B8B/fff/?text=ICON', '2021-07-22 00:12:49'),
(103, 48, 37.688550, -122.482660, 'Bud juna zidpodka lab pejifuin now nirsope vucibho ag veuveiku ugoicve joaz.', 'https://via.placeholder.com/354x556/873/fff/?text=PHOTO', 'https://via.placeholder.com/389x433/85A/fff/?text=ICON', '2021-04-04 02:45:28'),
(104, 43, 37.704580, -122.424600, 'Pupidcos velra ko eso deidsa vaha acligni bugpa dafifo uke laltadfot acrukcag.', 'https://via.placeholder.com/462x351/793/fff/?text=PHOTO', 'https://via.placeholder.com/564x430/83A/fff/?text=ICON', '2021-10-08 03:55:21'),
(105, 28, 37.695760, -122.430820, 'Lagubper tupjas ro pibeg le eh her ifugilci ficsop asili na ugunul kup wezdisa.', 'https://via.placeholder.com/364x454/5A5/fff/?text=PHOTO', 'https://via.placeholder.com/440x574/467/fff/?text=ICON', '2020-02-07 17:43:12'),
(106, 18, 37.670490, -122.411620, 'Atuguna suwod tizpeboj kinalu zora vaake socdufor febeto cu vobkem wube ti uro.', 'https://via.placeholder.com/437x565/B54/fff/?text=PHOTO', 'https://via.placeholder.com/481x534/649/fff/?text=ICON', '2021-08-27 22:25:22'),
(107, 9, 37.789210, -122.400260, 'Ozme najgu vivkectip woolu nuv jecupmi jarwohig ej jid jari ho fur dujal hojib gecutiz murnef asridbi.', 'https://via.placeholder.com/531x540/89B/fff/?text=PHOTO', 'https://via.placeholder.com/350x482/753/fff/?text=ICON', '2022-05-18 07:23:33'),
(108, 49, 37.719550, -122.490230, 'Fevozin pig age ni nioleni mareka evlasov oz pihoav hihajoh komlulgu uzana gidoham ompe ufedpit esaksi haz zuwjilsu.', 'https://via.placeholder.com/433x517/446/fff/?text=PHOTO', 'https://via.placeholder.com/356x534/359/fff/?text=ICON', '2022-04-07 02:12:33'),
(109, 13, 37.748420, -122.418210, 'Cudvuv omavipjo oru ira cunno erimsaj zevrof una hohzad coleh do zer obzur.', 'https://via.placeholder.com/436x354/4B5/fff/?text=PHOTO', 'https://via.placeholder.com/544x575/785/fff/?text=ICON', '2022-03-02 05:44:16'),
(110, 7, 37.794900, -122.384110, 'Nah ijwuk denoci bapda rokifje wub diprilto apavu hucu fiptutdes forol kota te zov vigje hevepec uwicudfo sa.', 'https://via.placeholder.com/527x534/47A/fff/?text=PHOTO', 'https://via.placeholder.com/395x470/554/fff/?text=ICON', '2022-05-22 11:32:16'),
(111, 2, 37.693930, -122.450520, 'Volbovege pometil heca ladevros ujdik tuam dov tablesac li du gifom wotjah rasorusa ne.', 'https://via.placeholder.com/490x400/5A3/fff/?text=PHOTO', 'https://via.placeholder.com/385x369/B74/fff/?text=ICON', '2022-10-15 18:16:15'),
(112, 42, 37.736360, -122.387450, 'Hakfeh ki se ah du bouhun wuf bennu izozok vedabav rireplul ec ji pu filic awacugo.', 'https://via.placeholder.com/567x418/995/fff/?text=PHOTO', 'https://via.placeholder.com/419x594/637/fff/?text=ICON', '2022-06-17 20:31:47'),
(113, 30, 37.686740, -122.465210, 'Cepja ogu wuf kapi peif zalo gam ja osta fupoluvaz kuni as ruvonopam osem modpachoc.', 'https://via.placeholder.com/377x579/A78/fff/?text=PHOTO', 'https://via.placeholder.com/538x594/375/fff/?text=ICON', '2021-06-18 08:49:39'),
(114, 3, 37.779300, -122.490330, 'Roj bite retekebin evavubez jiwdieza buk acodelsa be mecifvof malzanik oco ifuma haviweg si.', 'https://via.placeholder.com/393x389/975/fff/?text=PHOTO', 'https://via.placeholder.com/531x417/B9A/fff/?text=ICON', '2022-06-29 21:24:10'),
(115, 15, 37.789510, -122.425570, 'Zel tonhe hekun du def zece jekgujeg omadewo sowsi fi kaili upsa rocjosu in.', 'https://via.placeholder.com/407x418/B43/fff/?text=PHOTO', 'https://via.placeholder.com/444x554/875/fff/?text=ICON', '2021-05-24 16:12:34'),
(116, 31, 37.717350, -122.457970, 'Mebuf uha na miishel kuparica ha big puuta wicro tesam perebeani je mig.', 'https://via.placeholder.com/508x379/74B/fff/?text=PHOTO', 'https://via.placeholder.com/498x584/447/fff/?text=ICON', '2022-03-03 07:10:30'),
(117, 6, 37.711660, -122.472030, 'Losozbug maw hifiwcug giz juep jo biuw talreskul wa okco cotgitju uz wo poamo zilunu sa.', 'https://via.placeholder.com/377x425/7BB/fff/?text=PHOTO', 'https://via.placeholder.com/498x558/65B/fff/?text=ICON', '2020-09-04 02:49:30'),
(118, 1, 37.707390, -122.385490, 'Habfiaz iw noreap hi cabkiz nu woefe gejbanpa hemop biwonahu ikla insijhud.', 'https://via.placeholder.com/559x559/765/fff/?text=PHOTO', 'https://via.placeholder.com/355x492/655/fff/?text=ICON', '2022-09-13 21:53:55'),
(119, 20, 37.671230, -122.492740, 'Aropiali igefokdi covhi rutvatwe vuvhagnu hafpi go kadof zis vamas vidsikvo luaz suciru jap cacehonup tebez wib.', 'https://via.placeholder.com/567x497/635/fff/?text=PHOTO', 'https://via.placeholder.com/434x422/BB9/fff/?text=ICON', '2020-12-25 22:20:19'),
(120, 30, 37.790680, -122.405770, 'Sailiuse muv kizevut taza uneti ajojar moevzu akfefpaj famanwa zu saner jo wiapegow buten ha.', 'https://via.placeholder.com/414x351/935/fff/?text=PHOTO', 'https://via.placeholder.com/440x379/9BA/fff/?text=ICON', '2022-01-22 19:34:55'),
(121, 45, 37.704490, -122.492570, 'Letofgi ucegup rovispiz meppunu ebi ga puv oh nisud abcoppah li vewzemcu ratjiob.', 'https://via.placeholder.com/363x586/647/fff/?text=PHOTO', 'https://via.placeholder.com/427x353/499/fff/?text=ICON', '2021-03-30 20:03:04'),
(122, 1, 37.747950, -122.451740, 'Awim sahugci ocgudal ifbo kaini vobuaku te acozi doc wu foneb zo ruwvutla nomac vopur hedlodad upopo impomam.', 'https://via.placeholder.com/462x457/A6A/fff/?text=PHOTO', 'https://via.placeholder.com/566x572/A85/fff/?text=ICON', '2020-10-19 12:03:50'),
(123, 18, 37.759740, -122.464880, 'Siubumer hudunuz olo ekoibeihu kehgibpep dopalpe jeheere igi savwun aturol helcujok me ipdo.', 'https://via.placeholder.com/540x545/74B/fff/?text=PHOTO', 'https://via.placeholder.com/414x572/94B/fff/?text=ICON', '2020-04-08 20:07:56'),
(124, 40, 37.740220, -122.459610, 'Ettima tiva jiposeni vafkiz cusurkas mug jufoseav fejsihho astok bulen wisob bo tehnavco rir.', 'https://via.placeholder.com/553x472/B66/fff/?text=PHOTO', 'https://via.placeholder.com/449x406/369/fff/?text=ICON', '2021-04-22 06:03:06'),
(125, 9, 37.715630, -122.473180, 'Ba ti ifropja lozuhev unpamhe sozo momkeb cewigir col lukiskis junremum pucjiopi ivfe vacge covzo omi bijjaca sidulwi.', 'https://via.placeholder.com/484x503/499/fff/?text=PHOTO', 'https://via.placeholder.com/454x426/BB6/fff/?text=ICON', '2021-11-17 15:55:10'),
(126, 3, 37.775510, -122.471070, 'Ehegego dotoh izuofkel ogfek loktidkiw pib hinverbib vaisowu pep emapi vonib utelisa.', 'https://via.placeholder.com/405x359/7B4/fff/?text=PHOTO', 'https://via.placeholder.com/582x433/B86/fff/?text=ICON', '2021-07-06 19:06:15'),
(127, 11, 37.781550, -122.422270, 'Edibopo fug itkera uwi tuhnazine nuridgup do bahnot ije hu on zar igdomsu simhizo ehenatu.', 'https://via.placeholder.com/391x418/758/fff/?text=PHOTO', 'https://via.placeholder.com/483x463/946/fff/?text=ICON', '2020-05-01 18:50:21'),
(128, 24, 37.720540, -122.446860, 'Luj zosvuvel na wu civ muzkeb sashawvi bosug keafo lub ocjupe pemivwih pebbobic wep do udrir.', 'https://via.placeholder.com/428x505/8B6/fff/?text=PHOTO', 'https://via.placeholder.com/407x590/486/fff/?text=ICON', '2020-02-10 00:56:56'),
(129, 9, 37.703080, -122.371300, 'Ticfilo guk amtum lonzecco vakfo jal louba josu meacore waepe koujine joh ifjorer segcauwi assut fu rofzow nul.', 'https://via.placeholder.com/553x362/484/fff/?text=PHOTO', 'https://via.placeholder.com/597x547/4BA/fff/?text=ICON', '2022-01-09 08:14:07'),
(130, 1, 37.681880, -122.381770, 'Gewu benjeszed ravhifzoh ciuhadu ici bojo rosda bemsuw dovguti cetlohke semonir pucad zazbuvu jupag.', 'https://via.placeholder.com/559x544/394/fff/?text=PHOTO', 'https://via.placeholder.com/373x545/3BA/fff/?text=ICON', '2020-07-28 22:38:56'),
(131, 44, 37.693310, -122.455480, 'Ciple osu keju govaera huptiji su tu cefojbos ga at azjam gousa fip lo bov san zer.', 'https://via.placeholder.com/418x390/A65/fff/?text=PHOTO', 'https://via.placeholder.com/418x556/A44/fff/?text=ICON', '2022-06-17 23:39:02'),
(132, 23, 37.678740, -122.491610, 'To gowed gusbubef lecnioca ro nuvcudviw vul ebofnuv ivovutwa diwegi rucov eb bohca ga ikaukebi.', 'https://via.placeholder.com/449x588/477/fff/?text=PHOTO', 'https://via.placeholder.com/425x413/536/fff/?text=ICON', '2020-10-21 21:59:30'),
(133, 17, 37.734320, -122.495490, 'Utatusu lih hahre suskolso bil ozatod ti pohwa bikulih wofafi ketalulu nuibawow bufofi te.', 'https://via.placeholder.com/512x543/B34/fff/?text=PHOTO', 'https://via.placeholder.com/582x508/949/fff/?text=ICON', '2021-06-28 21:45:01'),
(134, 9, 37.721360, -122.382480, 'Julij so tisifu nepti rome ne mama seejigi zigom zolotmiz dihapif dupzuefe ilnarev hoc jaeshi miku riziatu nihvuk.', 'https://via.placeholder.com/409x584/376/fff/?text=PHOTO', 'https://via.placeholder.com/577x532/367/fff/?text=ICON', '2020-11-28 05:52:20'),
(135, 1, 37.692380, -122.440640, 'Eju vi jil he sujdumam fobomuc ni vap zuuga naun pamem faw cok.', 'https://via.placeholder.com/381x591/8BB/fff/?text=PHOTO', 'https://via.placeholder.com/426x486/59B/fff/?text=ICON', '2022-01-18 06:23:32'),
(136, 30, 37.761650, -122.465360, 'Ne leodo je ninjuj afzaul mac wu ocdidraz saco eriwufgo jouziuv afiju mu.', 'https://via.placeholder.com/448x516/A94/fff/?text=PHOTO', 'https://via.placeholder.com/422x509/7B4/fff/?text=ICON', '2021-04-15 17:02:57'),
(137, 6, 37.719960, -122.402850, 'Vabehe jigdobub jusef iffawpaj ce vaj lajko nobojbuz do gur meppudop podu weslic raheb zida no ejceh javebu.', 'https://via.placeholder.com/445x415/67A/fff/?text=PHOTO', 'https://via.placeholder.com/551x577/698/fff/?text=ICON', '2022-10-21 15:07:00'),
(138, 24, 37.758080, -122.414950, 'Hijbazmi inuiloig tatenro dopigun kile osi jeukipag fudvesor hauk fahvu mogtiltah fi mejuvgid tovageta.', 'https://via.placeholder.com/352x567/B58/fff/?text=PHOTO', 'https://via.placeholder.com/446x463/468/fff/?text=ICON', '2020-05-20 10:28:54'),
(139, 35, 37.782900, -122.449490, 'Dondeciwi alsipguj ciinduh neltek rohpul sa murad ejbuza hizowe ocwenkek etdohoz jesku wodekib duh ap gi.', 'https://via.placeholder.com/438x392/BA8/fff/?text=PHOTO', 'https://via.placeholder.com/508x490/B9B/fff/?text=ICON', '2020-01-23 21:57:50'),
(140, 46, 37.671130, -122.489570, 'Lakaj purluj muz fedotdot af cuk gafo cagkuhmi et zubnarik kazfup muhdicbup si gef ju dip.', 'https://via.placeholder.com/449x492/A53/fff/?text=PHOTO', 'https://via.placeholder.com/597x493/859/fff/?text=ICON', '2021-09-04 15:06:21'),
(141, 18, 37.770650, -122.423680, 'Nat jipi wenhaj nughascev hihrog coz mav ruhobow bigpiz ikfazo fefejnu wiicu gego irke za.', 'https://via.placeholder.com/502x452/AAA/fff/?text=PHOTO', 'https://via.placeholder.com/588x492/A65/fff/?text=ICON', '2022-04-08 19:28:30'),
(142, 19, 37.747730, -122.485620, 'Rebiw ov hi he julmemlof zetvop tiatuhab diaguwus narujida puntobji mobotisu hu vev riotiin pidji pe vaat akalana.', 'https://via.placeholder.com/475x396/A49/fff/?text=PHOTO', 'https://via.placeholder.com/553x493/A39/fff/?text=ICON', '2021-06-03 17:56:51'),
(143, 31, 37.683180, -122.381790, 'Bobicum fulohi fewociw isurobmu zilbolte lanosfab tur jaica liwim ti wavdinoj ved ijzewrop hamurjep rak gugrac.', 'https://via.placeholder.com/446x453/BB9/fff/?text=PHOTO', 'https://via.placeholder.com/439x404/365/fff/?text=ICON', '2021-01-12 21:04:28'),
(144, 25, 37.680730, -122.497870, 'Ogaz sidmumul ecadfez adfiwcat incan gupfi be jenigne lur lotu rig om wustogbaf hawkimate ta buhje aleafpi.', 'https://via.placeholder.com/512x420/46B/fff/?text=PHOTO', 'https://via.placeholder.com/506x493/689/fff/?text=ICON', '2021-06-28 11:25:12'),
(145, 9, 37.797090, -122.433210, 'Befwis re lutinpo nuz sivtanbuh je zen luze soojlo ap bi peed.', 'https://via.placeholder.com/457x351/6A4/fff/?text=PHOTO', 'https://via.placeholder.com/426x583/3AB/fff/?text=ICON', '2021-08-11 08:05:46'),
(146, 33, 37.785960, -122.483980, 'Bitav oho biena id iki ni udiuhi zan levbut mek siabu hek.', 'https://via.placeholder.com/367x412/68A/fff/?text=PHOTO', 'https://via.placeholder.com/476x564/337/fff/?text=ICON', '2020-01-16 20:18:07'),
(147, 45, 37.738350, -122.489130, 'Zapoku bahnur we le memaw zitjesije uju tucaza zaoki gij eg kirutapu mako afutum erhop pemog pijum.', 'https://via.placeholder.com/568x580/643/fff/?text=PHOTO', 'https://via.placeholder.com/484x453/BB8/fff/?text=ICON', '2020-09-09 09:39:13'),
(148, 32, 37.769380, -122.385000, 'Jozifu kofcinu cab peregi fe cuujumo ketrez vicamci juuctu pe omrew le.', 'https://via.placeholder.com/510x468/9B3/fff/?text=PHOTO', 'https://via.placeholder.com/506x535/6B8/fff/?text=ICON', '2020-09-04 15:09:14'),
(149, 31, 37.678380, -122.399620, 'Fetdu tuvuve cawofsuc wociahu tiniti vuwobop teskijcis bajgaled wode ke fuhuhuul locih gihne kevefoogu losat.', 'https://via.placeholder.com/394x543/447/fff/?text=PHOTO', 'https://via.placeholder.com/505x540/9B8/fff/?text=ICON', '2022-04-26 21:04:25'),
(150, 8, 37.727090, -122.414210, 'Zebifi ro tiwad bebcopo feob wadpojpo ubo ca wenuov dav hif bovev lo nudep or turobcu wepho hizzagzap.', 'https://via.placeholder.com/367x356/633/fff/?text=PHOTO', 'https://via.placeholder.com/527x460/353/fff/?text=ICON', '2022-09-29 11:11:21'),
(151, 32, 37.739630, -122.489130, 'Oji wetpa edhufe udo irfoet ir ojo leh uhvawu mid poamro lire datako memipuhel feken ir.', 'https://via.placeholder.com/380x566/BA6/fff/?text=PHOTO', 'https://via.placeholder.com/566x369/95B/fff/?text=ICON', '2021-02-17 21:24:24'),
(152, 19, 37.690340, -122.400920, 'Fapkownen wodiv ec nu jecmirit vac evi wam wehcowe zaton sariwi jov zukicok cutalzuk ujevito dav mo elucuswo.', 'https://via.placeholder.com/395x523/633/fff/?text=PHOTO', 'https://via.placeholder.com/482x468/999/fff/?text=ICON', '2022-09-05 18:34:38'),
(153, 5, 37.690960, -122.415650, 'Sunufbel kabven iniwen idobovpic volzod ne eneup corzasu abepo awuvaf us lenfuv go ja did ampoh kepefvow.', 'https://via.placeholder.com/592x380/4A9/fff/?text=PHOTO', 'https://via.placeholder.com/583x451/377/fff/?text=ICON', '2021-03-31 13:24:17'),
(154, 3, 37.779370, -122.493950, 'Retogore saduur sezcavla tiglow luvenug pacgalec oco ben nelsoc nam parofuuje nuzgepan pobjuza.', 'https://via.placeholder.com/385x512/B69/fff/?text=PHOTO', 'https://via.placeholder.com/377x362/64B/fff/?text=ICON', '2021-02-07 21:40:32'),
(155, 3, 37.794790, -122.403510, 'Busmoccec seujrum tur rav ditcohul woje cubik togotrah inoujuf ufiwi ilejlo fobvizli miv fohuhozu af nusul ato nu.', 'https://via.placeholder.com/521x554/B76/fff/?text=PHOTO', 'https://via.placeholder.com/368x456/B48/fff/?text=ICON', '2020-03-10 09:39:11'),
(156, 1, 37.774230, -122.398500, 'Ca liceku reih hupo deje robe ucugun ekeulcul towago ude geger ruacov noba.', 'https://via.placeholder.com/359x446/693/fff/?text=PHOTO', 'https://via.placeholder.com/519x569/8AA/fff/?text=ICON', '2021-10-31 14:12:48'),
(157, 36, 37.724260, -122.405250, 'Vat nak ve rewpi novol pul pakmuguf mojowwi bukadi cevu zanrib wosvepa oboca wehba tebpu gih.', 'https://via.placeholder.com/542x414/5A6/fff/?text=PHOTO', 'https://via.placeholder.com/517x447/676/fff/?text=ICON', '2022-10-20 21:32:30'),
(158, 1, 37.698440, -122.421450, 'Jagna jofezo micsejlu ivsobof rebguz ker utoci afucohe vivkic ogve si af vegiwmu map zibzu bunrofsok faev fos.', 'https://via.placeholder.com/379x475/46A/fff/?text=PHOTO', 'https://via.placeholder.com/438x389/9B9/fff/?text=ICON', '2021-12-19 06:04:30'),
(159, 30, 37.747980, -122.481170, 'Om wu lobud ponod uz fev sosab ruka rimzapjo dilelmun vuscihe gopumhiv nik wecudif aknoc vimujdef ukuba.', 'https://via.placeholder.com/576x512/7AA/fff/?text=PHOTO', 'https://via.placeholder.com/381x493/835/fff/?text=ICON', '2020-01-27 18:44:12'),
(160, 28, 37.787000, -122.420030, 'Rajo jevel dufupbug wucam ufwecga ej se caedo jijpuwup ek hokiub lefi kes zulizu.', 'https://via.placeholder.com/495x518/A9B/fff/?text=PHOTO', 'https://via.placeholder.com/396x555/636/fff/?text=ICON', '2020-04-29 03:50:15'),
(161, 9, 37.767530, -122.394630, 'Nu vo eh ekfom owsi rapgiow wohvic vitzu tuve awuwav nev rotciro.', 'https://via.placeholder.com/432x573/463/fff/?text=PHOTO', 'https://via.placeholder.com/363x482/35A/fff/?text=ICON', '2020-02-10 10:15:04'),
(162, 49, 37.748810, -122.462380, 'Jegmopdi jifmi ifpa lo de sur ta wiud zoknekmap ra facimu lawalkap ga dasfu.', 'https://via.placeholder.com/421x600/365/fff/?text=PHOTO', 'https://via.placeholder.com/525x533/486/fff/?text=ICON', '2020-05-26 17:15:23'),
(163, 16, 37.743470, -122.498640, 'Cumveg puobvag li odko ganokune reguej jos la piuro julliver fiva zakwi.', 'https://via.placeholder.com/594x412/697/fff/?text=PHOTO', 'https://via.placeholder.com/355x491/877/fff/?text=ICON', '2022-01-12 04:18:09'),
(164, 12, 37.752790, -122.375080, 'Zelug tirbabve sowal booj seavba ovlasu vi jot uzeisona udfijcu cupruagi onerojpir or la cilvibov urcohcav.', 'https://via.placeholder.com/552x367/988/fff/?text=PHOTO', 'https://via.placeholder.com/489x534/587/fff/?text=ICON', '2021-03-21 09:37:17'),
(165, 46, 37.736790, -122.401880, 'Dafa fileva habsovup lize kanlat puruw ron ru if hace fufef oj vosig dadvowuv pidirmo.', 'https://via.placeholder.com/537x529/96B/fff/?text=PHOTO', 'https://via.placeholder.com/589x390/B34/fff/?text=ICON', '2020-06-02 17:36:25'),
(166, 20, 37.779540, -122.468220, 'Penil kophus cupki palal but sawazze degvifro zu guna av bu ob uzaci so.', 'https://via.placeholder.com/595x380/3BB/fff/?text=PHOTO', 'https://via.placeholder.com/544x373/BA8/fff/?text=ICON', '2020-01-04 11:55:40'),
(167, 48, 37.779520, -122.445060, 'Ezbo avibilpor fakihizi ri miwumu lal cisoca mi pi je ac gi at taz wi no.', 'https://via.placeholder.com/385x370/54B/fff/?text=PHOTO', 'https://via.placeholder.com/591x521/B73/fff/?text=ICON', '2022-10-02 15:51:22'),
(168, 1, 37.708260, -122.450550, 'Fofnif bietuoki um zilre ratfu duimipe zi doj vocwovo doopra lu habdohu vam apwek hoju kaemofeg.', 'https://via.placeholder.com/438x599/8A3/fff/?text=PHOTO', 'https://via.placeholder.com/451x476/A33/fff/?text=ICON', '2020-06-01 15:24:29'),
(169, 1, 37.698790, -122.457300, 'Mip dum ga zewiano defuhe jisu aru kosahre fawot hofeza da jaf anajokta.', 'https://via.placeholder.com/401x529/B75/fff/?text=PHOTO', 'https://via.placeholder.com/426x600/587/fff/?text=ICON', '2020-10-17 22:59:26'),
(170, 11, 37.783620, -122.415650, 'Zenewijo tooweduv lemto harvukjo ge cownarbu nufesuut azalu asidova gimeg evedijveb mauj.', 'https://via.placeholder.com/422x596/878/fff/?text=PHOTO', 'https://via.placeholder.com/461x511/7A7/fff/?text=ICON', '2020-11-01 14:01:12'),
(171, 16, 37.694170, -122.406430, 'Bipraud cipipap le cewzupuz tob lakmof enkuowu izusunhih udenis hovah pod ba egje na do.', 'https://via.placeholder.com/402x552/366/fff/?text=PHOTO', 'https://via.placeholder.com/506x424/777/fff/?text=ICON', '2022-01-26 02:18:26'),
(172, 25, 37.762100, -122.376880, 'Wafhe eg re rijog hore nuol ve co ma valsifmup rulful moagefe udadijuv.', 'https://via.placeholder.com/501x482/A43/fff/?text=PHOTO', 'https://via.placeholder.com/446x435/959/fff/?text=ICON', '2020-12-27 12:45:31'),
(173, 32, 37.787920, -122.444270, 'Caf zisfa me hijkov hodgilsup runabo ranaj onujawzi sasribtat suiw def koc.', 'https://via.placeholder.com/597x491/46B/fff/?text=PHOTO', 'https://via.placeholder.com/515x446/45B/fff/?text=ICON', '2020-07-19 00:43:22'),
(174, 37, 37.739160, -122.451060, 'Hisvaide nanas dikaha za tupig bemsim kedtaag tew koszaaj jodfaep dabed jezsenca nisnuh.', 'https://via.placeholder.com/524x533/5A9/fff/?text=PHOTO', 'https://via.placeholder.com/563x477/44B/fff/?text=ICON', '2020-10-07 08:42:57'),
(175, 1, 37.688460, -122.488890, 'Cifbu megse pirufab faswirpu ipe kohdudak dipivade bovrod guh ojalipa wagajciz nuwo sow heni muvjofig apebunpa.', 'https://via.placeholder.com/483x487/358/fff/?text=PHOTO', 'https://via.placeholder.com/583x492/4A4/fff/?text=ICON', '2020-09-28 10:30:01'),
(176, 40, 37.795250, -122.402180, 'De nako nufre kup erodukhoc katuku izzomre amhi tujwak nophes tekrozel ad libwaw kov ce nanvoz toblar obipuda.', 'https://via.placeholder.com/393x544/46A/fff/?text=PHOTO', 'https://via.placeholder.com/483x432/644/fff/?text=ICON', '2021-02-10 11:01:58'),
(177, 12, 37.703420, -122.406170, 'Na kolet jaafu iwogacid vej ca dagitog kavde fo fomodjug osizasom fuj ut isutur.', 'https://via.placeholder.com/482x381/4A7/fff/?text=PHOTO', 'https://via.placeholder.com/492x500/946/fff/?text=ICON', '2021-11-07 23:34:20'),
(178, 10, 37.786400, -122.446400, 'Uvu baddeso vohnizov nar wobef jecejiti vuvpifwuv ruozugir kus bopubodoj semdik it ihaficug tavwiz ip hoj id.', 'https://via.placeholder.com/532x385/68B/fff/?text=PHOTO', 'https://via.placeholder.com/396x513/445/fff/?text=ICON', '2021-04-19 04:44:22'),
(179, 29, 37.716870, -122.465230, 'Ufhi vagoremi iwnih siror aveven tellaolu wu zowoblu iredopo taas zoim zalbilna idi wanzun naku.', 'https://via.placeholder.com/582x520/57A/fff/?text=PHOTO', 'https://via.placeholder.com/420x456/978/fff/?text=ICON', '2021-02-21 09:59:50'),
(180, 15, 37.778440, -122.491450, 'Tojfohpes isi lar rof hopuzboz fulsil javo duemi rihbezij tupe osfu bipe ava.', 'https://via.placeholder.com/544x451/38B/fff/?text=PHOTO', 'https://via.placeholder.com/464x559/4B4/fff/?text=ICON', '2020-05-21 04:05:21'),
(181, 18, 37.723470, -122.494780, 'Lu davjune zat avabi megac nebi jijrim cuhusegi wowic ruzi hu ja dedmej fipgupe zuz nih.', 'https://via.placeholder.com/382x582/73B/fff/?text=PHOTO', 'https://via.placeholder.com/352x443/A79/fff/?text=ICON', '2021-10-07 04:36:46'),
(182, 34, 37.678790, -122.455780, 'Ihube hodam bac efudih vabtucena ajewaer mojukpaz duka rurufser eh gorepha iw ujoho bebin jes fisok fedguf.', 'https://via.placeholder.com/585x428/948/fff/?text=PHOTO', 'https://via.placeholder.com/397x556/395/fff/?text=ICON', '2021-04-14 07:09:20'),
(183, 26, 37.763510, -122.388610, 'Pacramgi bi juhufje esagobac we cedonze olle fekire wumka keliv reekgu gursiga upjefag fuc uwiowko zaopi wiigo jadozer.', 'https://via.placeholder.com/417x593/954/fff/?text=PHOTO', 'https://via.placeholder.com/374x479/836/fff/?text=ICON', '2021-10-30 18:36:39'),
(184, 14, 37.760130, -122.391910, 'Sagwowebe ci da opo uru ivi jel lowuawo lubobu ebihicke bicunat wig ec.', 'https://via.placeholder.com/359x413/487/fff/?text=PHOTO', 'https://via.placeholder.com/378x464/55B/fff/?text=ICON', '2022-07-18 22:27:53'),
(185, 13, 37.759850, -122.476410, 'Cepido ga tano si joz ovuaggo ohfe wa elelappu zukowma ju nanmel kevigsiv ga.', 'https://via.placeholder.com/502x442/985/fff/?text=PHOTO', 'https://via.placeholder.com/449x376/8B4/fff/?text=ICON', '2021-11-09 14:46:49'),
(186, 18, 37.733380, -122.399670, 'Jupak tezdim ata zij ji poce heba fa desu ato wojwupa ok las udpoc rezme igpo tiopuwev iz.', 'https://via.placeholder.com/557x490/45B/fff/?text=PHOTO', 'https://via.placeholder.com/562x549/B3B/fff/?text=ICON', '2022-02-14 17:26:10');
INSERT INTO `track_202290_locations` (`id`, `animal_id`, `lat`, `lng`, `description`, `photo`, `icon`, `date_create`) VALUES
(187, 49, 37.686940, -122.395750, 'Wawro zujzoc zuhse ew bucpil sakogi ohwa emhal eb gej gujma wivvafeh.', 'https://via.placeholder.com/438x474/49B/fff/?text=PHOTO', 'https://via.placeholder.com/355x494/99B/fff/?text=ICON', '2020-04-04 15:24:18'),
(188, 9, 37.790010, -122.495710, 'Vadap gif vakurke we gova bu lepfesib ivohip cunob mew cesaf wa lidsewvuk teaw eg coradjof mabez uvogutkaw.', 'https://via.placeholder.com/370x564/B35/fff/?text=PHOTO', 'https://via.placeholder.com/423x447/AA5/fff/?text=ICON', '2021-05-16 22:31:08'),
(189, 30, 37.689160, -122.478520, 'Sedel omapijgad dotup ipbom gucotas ogfa job ci bel igosa run erjow duuta irifartaz akehozar vajeje.', 'https://via.placeholder.com/390x397/B73/fff/?text=PHOTO', 'https://via.placeholder.com/365x495/48A/fff/?text=ICON', '2022-05-13 13:54:54'),
(190, 23, 37.788050, -122.488720, 'Galuze ji lo tofakka ruwnov aweho hu ibunet hejdo ko alate jilol befnamuz.', 'https://via.placeholder.com/600x590/B3A/fff/?text=PHOTO', 'https://via.placeholder.com/548x523/435/fff/?text=ICON', '2022-01-12 19:06:32'),
(191, 31, 37.705350, -122.498180, 'Nek fosdes cebtajtud uc bamnovi wa piko olula kaluj fizonep mu wubcof miateok tudan obese gu ochorhu pem.', 'https://via.placeholder.com/448x513/597/fff/?text=PHOTO', 'https://via.placeholder.com/546x498/4B6/fff/?text=ICON', '2021-02-27 17:28:30'),
(192, 24, 37.695070, -122.395930, 'Sig ufuhomis azuhi ene wajis lepawva zipubvo izoloafe nuh muk obeopeitu vefcaj li.', 'https://via.placeholder.com/517x360/6A9/fff/?text=PHOTO', 'https://via.placeholder.com/470x600/A56/fff/?text=ICON', '2020-11-23 03:52:30'),
(193, 18, 37.774220, -122.477950, 'Isilapo kuhmun suhik cotujdeh dan nuwi boknohrem gopod lawe zimfokag ifnav gaprosrek ciwikje butu igfool rahi pa isber.', 'https://via.placeholder.com/459x498/489/fff/?text=PHOTO', 'https://via.placeholder.com/587x370/444/fff/?text=ICON', '2021-07-19 08:19:07'),
(194, 47, 37.701690, -122.397000, 'Balhokhe zud webili pak mo tutvu fe ojwu un zadidti marri konien dil ris kaheb lazijo.', 'https://via.placeholder.com/550x444/484/fff/?text=PHOTO', 'https://via.placeholder.com/371x434/7A6/fff/?text=ICON', '2020-05-31 02:50:52'),
(195, 20, 37.717320, -122.472600, 'Ip tig bij amsofhe nikenriz efoni mativa gu dul felefni pobwaz ju upi fa lo vul ebsuwe.', 'https://via.placeholder.com/534x583/A39/fff/?text=PHOTO', 'https://via.placeholder.com/483x581/7B5/fff/?text=ICON', '2021-08-02 11:55:54'),
(196, 14, 37.768540, -122.374620, 'Iduzo raob bitpu on daheede ifhe cov tekcoteg jinsohgid hukga hi daelojis cek.', 'https://via.placeholder.com/520x495/355/fff/?text=PHOTO', 'https://via.placeholder.com/446x439/88A/fff/?text=ICON', '2021-09-20 03:41:28'),
(197, 25, 37.794530, -122.370500, 'Lilobog majmu tiwi pizuhfu cuwo wa juebulif et nifdit mevdeb datucbu ek refjagcar miclo.', 'https://via.placeholder.com/458x422/B86/fff/?text=PHOTO', 'https://via.placeholder.com/528x353/B63/fff/?text=ICON', '2020-11-29 00:20:19'),
(198, 48, 37.724940, -122.492690, 'Ratan roronemu bek wiofici rolnafdu cawzacev oc codfuz vaf jezosgi ovut cukid.', 'https://via.placeholder.com/409x400/679/fff/?text=PHOTO', 'https://via.placeholder.com/571x570/B36/fff/?text=ICON', '2022-10-03 07:56:31'),
(199, 24, 37.713670, -122.497660, 'Lameronok ipukoobe etehed oce ibamev zas ju soncurud olmew zutuke matgisni pa ibfawih ha nabupo wogzic sal ib.', 'https://via.placeholder.com/475x450/56B/fff/?text=PHOTO', 'https://via.placeholder.com/567x457/3B9/fff/?text=ICON', '2022-08-02 15:59:57'),
(200, 26, 37.782020, -122.454100, 'Bipofzot es bonukebo dopukavi mob eneka guiwimel uhued nob tagiaru kuvif mamreh apjachu con jimegos eke ag afaerufam.', 'https://via.placeholder.com/415x376/8B3/fff/?text=PHOTO', 'https://via.placeholder.com/428x559/495/fff/?text=ICON', '2020-04-11 04:47:36'),
(201, 32, 37.687450, -122.448520, 'Jofcaga ut burosnap po seppuf ruf dov fihidjez podlog cifed apve feg te pi.', 'https://via.placeholder.com/389x482/839/fff/?text=PHOTO', 'https://via.placeholder.com/475x378/A45/fff/?text=ICON', '2021-05-01 23:51:26'),
(202, 38, 37.695690, -122.395780, 'Tomlu pilo tucdodu pafekcuf ce jevuf iwe zelerwo mirzak dagako jehucti pa ga hikabhis.', 'https://via.placeholder.com/579x403/778/fff/?text=PHOTO', 'https://via.placeholder.com/506x443/A34/fff/?text=ICON', '2021-05-05 08:56:50'),
(203, 37, 37.749470, -122.474760, 'Pun puanu lidedsi ja taibuah rektorah veculnis jeot zu ajuho lu tirca una eni zenohi wo.', 'https://via.placeholder.com/453x516/3B9/fff/?text=PHOTO', 'https://via.placeholder.com/505x409/55B/fff/?text=ICON', '2020-10-22 16:26:05'),
(204, 5, 37.784360, -122.491050, 'Sirric aloosgol galbi agemul lo wudtahwuc ok siz akit det iwjagez hanmiaz fatiip aca.', 'https://via.placeholder.com/599x523/47B/fff/?text=PHOTO', 'https://via.placeholder.com/557x550/375/fff/?text=ICON', '2020-09-29 12:23:35'),
(205, 29, 37.676030, -122.493970, 'Izapezave mudreodi ijune zepoge ke okunit elohum kizbe budpidko ili tomwe ovisi gaslucej pipupe vawewjic.', 'https://via.placeholder.com/500x357/5A4/fff/?text=PHOTO', 'https://via.placeholder.com/578x472/7A8/fff/?text=ICON', '2021-04-20 03:51:01'),
(206, 34, 37.778860, -122.487640, 'Ikewu zur ku pabivi recih uhuaca gic ohju do gavdu cufunvo ju adhokuke wul vek rik lilkejig.', 'https://via.placeholder.com/482x365/88A/fff/?text=PHOTO', 'https://via.placeholder.com/438x557/766/fff/?text=ICON', '2020-01-10 12:07:14'),
(207, 34, 37.707260, -122.374840, 'Wuruv lipu rengem nizfihe bicigki apewapru babic wateduuke ni legotiki fotiswo nacfepfo hir tubcola um.', 'https://via.placeholder.com/412x453/4B8/fff/?text=PHOTO', 'https://via.placeholder.com/587x451/A75/fff/?text=ICON', '2020-05-06 16:42:48'),
(208, 23, 37.767030, -122.410630, 'Tu upti wubu ar homlo debu babsa okpam rewco raag ha mi azmomzer tujub pitepodi irtu tabpu.', 'https://via.placeholder.com/443x404/368/fff/?text=PHOTO', 'https://via.placeholder.com/542x517/A66/fff/?text=ICON', '2020-07-10 18:21:27'),
(209, 26, 37.673040, -122.466340, 'Ekopupa vus woacukah terbah li ce sumutek lusta zefuj acavu badir jolahdu darbirten sov.', 'https://via.placeholder.com/561x427/656/fff/?text=PHOTO', 'https://via.placeholder.com/562x551/978/fff/?text=ICON', '2022-01-18 22:16:56'),
(210, 31, 37.783270, -122.437840, 'Vevog nada awace lutci bovopo ar goniccul tat cefise lij dolic tuejo demezre jero memejeg ho sezkiga.', 'https://via.placeholder.com/504x369/474/fff/?text=PHOTO', 'https://via.placeholder.com/364x493/B95/fff/?text=ICON', '2021-08-01 17:04:28'),
(211, 8, 37.702250, -122.469320, 'Cucbi nulofzef dosi lo juw besdostaj fipacol batkoc vazippe nuuhi lugozmo saiwo la nawci ifoci eme.', 'https://via.placeholder.com/581x433/935/fff/?text=PHOTO', 'https://via.placeholder.com/442x397/B99/fff/?text=ICON', '2022-02-05 14:52:53'),
(212, 28, 37.747340, -122.472310, 'Kurivji reh wasof azan fi bemob ekfeciw dewalli gisala kib ro sup me.', 'https://via.placeholder.com/413x452/756/fff/?text=PHOTO', 'https://via.placeholder.com/596x478/355/fff/?text=ICON', '2022-05-06 10:57:39'),
(213, 36, 37.725880, -122.409820, 'Tosfeov zivrohtus huc loikga udevijuf labdi gok zalokikow vuki sooh wi viboh vur to loclu.', 'https://via.placeholder.com/396x387/373/fff/?text=PHOTO', 'https://via.placeholder.com/500x432/8B8/fff/?text=ICON', '2022-04-03 14:42:28'),
(214, 24, 37.732200, -122.435640, 'Lagilo se sogviiw zegto bes bo do ruref guhdok mutuvat agnekug pakmuz bozali ba evo jeirela bunipi.', 'https://via.placeholder.com/571x468/993/fff/?text=PHOTO', 'https://via.placeholder.com/404x414/338/fff/?text=ICON', '2022-03-25 17:32:47'),
(215, 5, 37.741480, -122.401220, 'Aksepu tezra abpinu re kiwu hasuhnoh cevfuh nib zena wub holuzow segecpu soh gak kipukfa fad buugked.', 'https://via.placeholder.com/540x568/8AB/fff/?text=PHOTO', 'https://via.placeholder.com/574x513/A74/fff/?text=ICON', '2020-04-04 23:51:56'),
(216, 47, 37.779900, -122.440070, 'Eboela id anlo ja pev falafpew cu at ovuap gekeves sep fos homapoh relaz edow kasokgo law.', 'https://via.placeholder.com/533x371/359/fff/?text=PHOTO', 'https://via.placeholder.com/420x550/346/fff/?text=ICON', '2021-09-17 00:22:07'),
(217, 29, 37.727870, -122.465500, 'Ig gikloaf muodgo dowmakaz jidofate ovpedgeh wocmizu hiwgiken wetotze imeibuvo gilcevi aviidsi sujomubiw.', 'https://via.placeholder.com/522x531/A53/fff/?text=PHOTO', 'https://via.placeholder.com/425x496/978/fff/?text=ICON', '2020-09-13 00:00:13'),
(218, 13, 37.792380, -122.391980, 'Ve lim sibu oce le loju si neez ive vom ube johinji vulmo afip ogo ulemub.', 'https://via.placeholder.com/575x468/8B8/fff/?text=PHOTO', 'https://via.placeholder.com/599x478/735/fff/?text=ICON', '2020-10-23 08:21:32'),
(219, 14, 37.734770, -122.462530, 'Duvet erizoc wespeho aluvavim gaimbu majzetef uzausini hicoah rot edtap ovedges sofib.', 'https://via.placeholder.com/471x598/56B/fff/?text=PHOTO', 'https://via.placeholder.com/544x354/9B6/fff/?text=ICON', '2022-09-29 01:48:35'),
(220, 13, 37.685400, -122.493000, 'Woplihze peakesis tifwi ladof pib nezod cazi segewel ilu kaj di vajahe ewetep kogog.', 'https://via.placeholder.com/525x408/B65/fff/?text=PHOTO', 'https://via.placeholder.com/436x464/A46/fff/?text=ICON', '2022-06-09 20:39:25'),
(221, 10, 37.679250, -122.424330, 'Sijmalel vukuwzu dig mopu ninum cuif duwfi cictohori kek ode uw simo lugozum bedpevzip likkatha gagov fognu.', 'https://via.placeholder.com/559x393/B96/fff/?text=PHOTO', 'https://via.placeholder.com/548x424/443/fff/?text=ICON', '2021-12-07 09:24:47'),
(222, 3, 37.737550, -122.475080, 'Pe gassaw kolpe liledic zin hepo aso mo paozbiw la cahedpu kuenu se be.', 'https://via.placeholder.com/487x441/B5A/fff/?text=PHOTO', 'https://via.placeholder.com/478x432/A58/fff/?text=ICON', '2020-12-14 16:14:50'),
(223, 38, 37.798630, -122.383720, 'Ihetap dephahdo ze gahehsic rekhod benveg fozfe culiviz us uzrunes ehidenac voc zen gem nejneip.', 'https://via.placeholder.com/413x507/333/fff/?text=PHOTO', 'https://via.placeholder.com/518x568/6B4/fff/?text=ICON', '2021-10-06 03:21:31'),
(224, 8, 37.703700, -122.425500, 'Wiku tujvo fogatenor kive wuwalaj vudukike nut tifufwi jib untiz ewwam duil.', 'https://via.placeholder.com/474x506/7B8/fff/?text=PHOTO', 'https://via.placeholder.com/517x388/8AA/fff/?text=ICON', '2021-09-19 02:43:04'),
(225, 5, 37.732810, -122.436180, 'Cogdusrel ku wa be leceru ovbu fa cahtu eddomu dejdevat pevmag zuge bubug icrar uju eb od ocgulow.', 'https://via.placeholder.com/469x406/963/fff/?text=PHOTO', 'https://via.placeholder.com/412x415/844/fff/?text=ICON', '2021-12-16 09:58:45'),
(226, 22, 37.794150, -122.408010, 'Vob ihlu ri rev uka ajisa boper dekhug tizaro leib mopaus zo bidasic ziztoceh ovniw.', 'https://via.placeholder.com/464x526/5AA/fff/?text=PHOTO', 'https://via.placeholder.com/525x416/776/fff/?text=ICON', '2022-01-09 22:13:14'),
(227, 45, 37.679900, -122.384910, 'Mo ziwu fu ec fuhene vad mi ruhuawa sode marag wugtousu elgofap zewan.', 'https://via.placeholder.com/561x548/658/fff/?text=PHOTO', 'https://via.placeholder.com/387x483/553/fff/?text=ICON', '2022-04-16 08:18:12'),
(228, 24, 37.673530, -122.416340, 'Relewdu mucaco uko nesjaf obeba punezgi kamune loujgi rudnopik avi ve lihodco eksaz zof.', 'https://via.placeholder.com/476x399/4B4/fff/?text=PHOTO', 'https://via.placeholder.com/507x359/356/fff/?text=ICON', '2022-07-06 05:22:03'),
(229, 25, 37.758690, -122.443390, 'Inu omibez ipkok sedhooci lis dofawece or olebelu jokipjad delfin viz latmena kovvo ikokah gomoj.', 'https://via.placeholder.com/374x492/9A4/fff/?text=PHOTO', 'https://via.placeholder.com/420x466/874/fff/?text=ICON', '2020-07-25 13:30:39'),
(230, 43, 37.686010, -122.443450, 'Fi wa mo konca jeciiw zab gokurab ca uhbellot virpi wej pi elromgic hik lajezcun ku zozdinec.', 'https://via.placeholder.com/425x415/447/fff/?text=PHOTO', 'https://via.placeholder.com/553x451/34A/fff/?text=ICON', '2021-03-22 15:25:53'),
(231, 38, 37.710430, -122.421220, 'Incoro naj kegrura liho unouweka dowdivguj nigceac hunakli aze wesegab ebomza fuhtekki fecji ozhupsug raci feejeka na fulvimeb.', 'https://via.placeholder.com/513x375/954/fff/?text=PHOTO', 'https://via.placeholder.com/394x352/346/fff/?text=ICON', '2021-09-12 00:56:52'),
(232, 33, 37.742850, -122.457070, 'Purcolge izatome lu jita vucweve dim ca cura nep vov rameata nuhkuhu boc pe heunero haadicok.', 'https://via.placeholder.com/399x572/3AA/fff/?text=PHOTO', 'https://via.placeholder.com/468x501/64A/fff/?text=ICON', '2021-11-04 03:04:22'),
(233, 27, 37.681330, -122.380810, 'Pojwofuv ol buwto fa kel fa kiiruba papon viogcag wafromil nenpi zop ciwnuiji arfif solcis borud mur uk.', 'https://via.placeholder.com/358x530/73A/fff/?text=PHOTO', 'https://via.placeholder.com/506x351/48A/fff/?text=ICON', '2022-06-21 06:48:43'),
(234, 14, 37.727670, -122.433880, 'Hemdub ut mephu acasvu ime fubet levkolkug na tigneb ronag tuk awraplo beb visufni rijhik dewzuf rezit dapaker.', 'https://via.placeholder.com/461x592/6A8/fff/?text=PHOTO', 'https://via.placeholder.com/407x460/658/fff/?text=ICON', '2022-05-17 21:23:29'),
(235, 19, 37.712500, -122.433990, 'Jetac perric goweha gevenle la pajre nemowec biduguz guspup garku fo unihico fufef mezfappo bomlamen irma ekurodebe.', 'https://via.placeholder.com/466x474/365/fff/?text=PHOTO', 'https://via.placeholder.com/498x402/3B8/fff/?text=ICON', '2020-02-08 00:33:20'),
(236, 17, 37.770430, -122.473200, 'Me fugi uroge wowu ome ale cicgogow runcon pumbik hid egizag gathebgur.', 'https://via.placeholder.com/500x542/88B/fff/?text=PHOTO', 'https://via.placeholder.com/397x501/AB7/fff/?text=ICON', '2020-11-04 20:57:18'),
(237, 30, 37.744220, -122.457460, 'Ticewuzuv ohe wu ruwip bifmonah haine ukmav we gacif bic cuwajal bisoij abagaaca tohpohkap uwu heh savut.', 'https://via.placeholder.com/529x572/B9A/fff/?text=PHOTO', 'https://via.placeholder.com/548x540/6A7/fff/?text=ICON', '2022-10-16 07:58:28'),
(238, 19, 37.762560, -122.483600, 'Zodrob fuh soz womotten lidevno tozefebo puva gak efekelbi tijpo ena novi kebubofa bun.', 'https://via.placeholder.com/461x445/787/fff/?text=PHOTO', 'https://via.placeholder.com/361x388/9B5/fff/?text=ICON', '2020-05-31 17:45:04'),
(239, 50, 37.699520, -122.391250, 'Madil oduga upulol tuwhub ewuroob iv ikaluzoj valefwi rofanal zoza davisac jot.', 'https://via.placeholder.com/354x557/975/fff/?text=PHOTO', 'https://via.placeholder.com/552x542/B6A/fff/?text=ICON', '2021-12-08 22:09:24'),
(240, 35, 37.757490, -122.469970, 'Gekidu tecku wa daovi aksi po saziwe zev zit uv bav hic delel je kuj lapram.', 'https://via.placeholder.com/524x371/B54/fff/?text=PHOTO', 'https://via.placeholder.com/485x351/434/fff/?text=ICON', '2022-01-04 13:22:36'),
(241, 25, 37.767360, -122.447550, 'Bal wetew vewnatbil gizhit ruc iperijod duuslig tijtas giohesug ob anjafi on eb aleemune no.', 'https://via.placeholder.com/364x397/897/fff/?text=PHOTO', 'https://via.placeholder.com/577x505/938/fff/?text=ICON', '2022-03-28 04:28:39'),
(242, 2, 37.684100, -122.464000, 'Des woata was nig onohoheb derahi bun cohtir bok unekaw fel nite jivos.', 'https://via.placeholder.com/575x510/477/fff/?text=PHOTO', 'https://via.placeholder.com/453x517/757/fff/?text=ICON', '2022-03-31 11:27:02'),
(243, 15, 37.746230, -122.451610, 'Dorcezah apvus is likihsup vem sefbaf fucudir omielloj firnorjo wesmal pi wogekig ma pandarluw vuvofar unvapce duusioki losfe.', 'https://via.placeholder.com/502x484/AA9/fff/?text=PHOTO', 'https://via.placeholder.com/593x588/697/fff/?text=ICON', '2020-04-15 08:06:43'),
(244, 14, 37.672620, -122.377980, 'Duudu niddo velakzup hirnob vugec purak cuh neheedo nechiv lag vo zo vuwuhufi vopcuk deboote onieb ome.', 'https://via.placeholder.com/443x423/5B9/fff/?text=PHOTO', 'https://via.placeholder.com/421x380/535/fff/?text=ICON', '2022-05-05 01:34:23'),
(245, 15, 37.750510, -122.416450, 'Lubwel rewbupbe ivafacin ompo tuwfepe pon lorupav loule rabze ul gegurupe ew jon dezu gufihlon.', 'https://via.placeholder.com/527x382/46A/fff/?text=PHOTO', 'https://via.placeholder.com/567x567/A76/fff/?text=ICON', '2021-05-02 00:11:41'),
(246, 47, 37.701780, -122.427350, 'Vatrastih jabunru ho mibare ciwav gidu di vusos tarel coopo or oc bowuw occu ovvoon ihi zuvuzko.', 'https://via.placeholder.com/429x448/634/fff/?text=PHOTO', 'https://via.placeholder.com/367x389/437/fff/?text=ICON', '2022-06-10 03:41:52'),
(247, 44, 37.723270, -122.430280, 'Ehpe va buskor wakzati samuh mojked fu egovin co poagowa gud mogjugi nuzi me sabumku lunob.', 'https://via.placeholder.com/544x383/855/fff/?text=PHOTO', 'https://via.placeholder.com/495x479/863/fff/?text=ICON', '2022-05-18 15:44:58'),
(248, 45, 37.764590, -122.431020, 'Oro ehfiw begazahuz sevih legdoc nopi befazim wos tibbapi unefere zizpatos ovjut zirmeli waznadi.', 'https://via.placeholder.com/548x476/6B8/fff/?text=PHOTO', 'https://via.placeholder.com/512x594/988/fff/?text=ICON', '2020-01-24 01:17:57'),
(249, 5, 37.729950, -122.383900, 'Hup ru fep nohoh jiopno ceekerah ola natzukfi ge gib fumudu ut gierzu atijo movobef.', 'https://via.placeholder.com/467x398/B89/fff/?text=PHOTO', 'https://via.placeholder.com/521x527/37A/fff/?text=ICON', '2020-09-07 22:27:47'),
(250, 32, 37.749670, -122.385020, 'Za fedirrec tunwa get cirrum wisincuv pojsilu vej zekagiza ahigezeh jikcinon ja buuwadu doz dav diutipeb aveawi emkic.', 'https://via.placeholder.com/445x596/7A5/fff/?text=PHOTO', 'https://via.placeholder.com/405x519/9B6/fff/?text=ICON', '2021-07-06 08:57:29');

-- --------------------------------------------------------

--
-- Table structure for table `track_202290_users`
--

CREATE TABLE `track_202290_users` (
  `id` int(13) NOT NULL,
  `name` varchar(64) NOT NULL,
  `username` varchar(64) NOT NULL,
  `email` varchar(128) NOT NULL,
  `password` varchar(32) NOT NULL,
  `img` varchar(256) NOT NULL,
  `date_create` datetime NOT NULL
) ENGINE=MyISAM DEFAULT CHARSET=latin1;

--
-- Dumping data for table `track_202290_users`
--

INSERT INTO `track_202290_users` (`id`, `name`, `username`, `email`, `password`, `img`, `date_create`) VALUES
(1, 'Clifford Hubbard', 'user1', 'user1@gmail.com', '1a1dc91c907325c69271ddf0c944bc72', 'https://via.placeholder.com/458x435/47A/fff/?text=Clifford Hubbard', '2021-06-14 02:48:28'),
(2, 'Brett Willis', 'user2', 'user2@gmail.com', '1a1dc91c907325c69271ddf0c944bc72', 'https://via.placeholder.com/569x359/4B7/fff/?text=Brett Willis', '2021-01-13 12:46:07'),
(3, 'Vincent Watkins', 'user3', 'user3@gmail.com', '1a1dc91c907325c69271ddf0c944bc72', 'https://via.placeholder.com/462x378/993/fff/?text=Vincent Watkins', '2021-03-22 18:06:57'),
(4, 'Winnie Silva', 'user4', 'user4@gmail.com', '1a1dc91c907325c69271ddf0c944bc72', 'https://via.placeholder.com/547x453/75A/fff/?text=Winnie Silva', '2020-04-24 12:29:11'),
(5, 'Gene Mendez', 'user5', 'user5@gmail.com', '1a1dc91c907325c69271ddf0c944bc72', 'https://via.placeholder.com/504x541/484/fff/?text=Gene Mendez', '2022-01-25 22:48:29'),
(6, 'Etta Vasquez', 'user6', 'user6@gmail.com', '1a1dc91c907325c69271ddf0c944bc72', 'https://via.placeholder.com/514x582/879/fff/?text=Etta Vasquez', '2021-08-02 15:08:22'),
(7, 'Ruby Harmon', 'user7', 'user7@gmail.com', '1a1dc91c907325c69271ddf0c944bc72', 'https://via.placeholder.com/533x503/987/fff/?text=Ruby Harmon', '2021-07-10 08:26:16'),
(8, 'Cornelia Higgins', 'user8', 'user8@gmail.com', '1a1dc91c907325c69271ddf0c944bc72', 'https://via.placeholder.com/408x519/AA5/fff/?text=Cornelia Higgins', '2021-03-14 16:51:15'),
(9, 'Adeline Coleman', 'user9', 'user9@gmail.com', '1a1dc91c907325c69271ddf0c944bc72', 'https://via.placeholder.com/396x506/A85/fff/?text=Adeline Coleman', '2021-05-17 04:17:57'),
(10, 'Beatrice Olson', 'user10', 'user10@gmail.com', '1a1dc91c907325c69271ddf0c944bc72', 'https://via.placeholder.com/567x384/4B4/fff/?text=Beatrice Olson', '2021-01-08 13:48:14');

--
-- Indexes for dumped tables
--

--
-- Indexes for table `track_202290_animals`
--
ALTER TABLE `track_202290_animals`
  ADD PRIMARY KEY (`id`);

--
-- Indexes for table `track_202290_locations`
--
ALTER TABLE `track_202290_locations`
  ADD PRIMARY KEY (`id`);

--
-- Indexes for table `track_202290_users`
--
ALTER TABLE `track_202290_users`
  ADD PRIMARY KEY (`id`);

--
-- AUTO_INCREMENT for dumped tables
--

--
-- AUTO_INCREMENT for table `track_202290_animals`
--
ALTER TABLE `track_202290_animals`
  MODIFY `id` int(13) NOT NULL AUTO_INCREMENT, AUTO_INCREMENT=51;

--
-- AUTO_INCREMENT for table `track_202290_locations`
--
ALTER TABLE `track_202290_locations`
  MODIFY `id` int(13) NOT NULL AUTO_INCREMENT, AUTO_INCREMENT=251;

--
-- AUTO_INCREMENT for table `track_202290_users`
--
ALTER TABLE `track_202290_users`
  MODIFY `id` int(13) NOT NULL AUTO_INCREMENT, AUTO_INCREMENT=11;
COMMIT;

/*!40101 SET CHARACTER_SET_CLIENT=@OLD_CHARACTER_SET_CLIENT */;
/*!40101 SET CHARACTER_SET_RESULTS=@OLD_CHARACTER_SET_RESULTS */;
/*!40101 SET COLLATION_CONNECTION=@OLD_COLLATION_CONNECTION */;
